qN5zw04WxCc	15,398,427
TGtWWb9emYI	805,391,697
BDd9dejw2HY	12,673,178
atNGFSCjwuc	476,103,200
7IZ-jATBq9A	11,997,844
xuZA6qiJVfU	124,402,950
UAKCR7kQMTQ	48,114,751
Fmfi3UbDPnQ	6,711,911
O4irXQhgMqg	369,750,437
jGflUbPQfW8	1,141,834,593
Vh5j7zDpy-4	26,053,957
tt2k8PGm-TI	1,768,803,728
7Xue-dOOLiY	12,568,579
p5rQHoaQpTw	34,452,592
akdkEh-fzes	37,589,150
t1TcDHrkQYg	367,165,886
b6vSf0cA9qY	204,584,209
fiore9Z5iUg	669,385,308
_MzumcY3lpk	6,172,628
3x2ABSAMVno	547,004,186
KQetemT1sWc	78,609,186
6ul-cZyuYq4	139,197,029
A04_0BaV3G4	3,681,193
TA9Rec1qAFQ	2,164,029
t4H_Zoh7G5A	1,837,248,986
kjAuUXdSFaM	7,548,249
bek1y2uiQGA	327,873,634
sfR_HWMzgyc	75,796,394
ZqoXU583vsY	7,541,883
0NKUpo_xKyQ	185,821,572
SwYN7mTi6HM	145,741,017
r3Pr1_v7hsw	140,039,580
gIOyB9ZXn8s	371,892,580
WxnN05vOuSM	54,300,270
oC-GflRB0y4	983,342,182
4fxPQUKfim4	30,268,631
A_MjCqQoLLA	297,758,891
Zx1_6F-nCaw	29,837,329
n3VXN0wavq8	6,859,843
6hzrDeceEKc	389,447,089
qjHlgrGsLWQ	133,824,414
LHcP4MWABGY	88,538,515
qeMFqkcPYcg	637,540,792
FSnAllHtG70	64,212,579
1Wl1B7DPegc	18,280,340
ejorQVy3m8E	185,408,098
7wRHBLwpASw	49,120,978
4tcXblWojdM	5,293,178
RDxfjUEBT9I	9,159,181
Jne9t8sHpUc	185,356,454
OMOGaugKpzs	905,731,139
PkQ5rEJaTmk	107,066,565
ARt9HV9T0w8	122,653,554
9VAFU492-Dk	1,829,039
iYYRH4apXDo	89,809,438
ZrX1XKtShSI	142,115,377
ZTEHNRGqcxA	41,874,227
kLg9rX5MCCA	17,025,505
glEiPXAYE-U	80,447,780
3T1c7GkzRQQ	120,066,166
bixuI_GV5I0	13,771,104
JwYX52BP2Sk	40,991,981
CRfy1yorkec	23,873,336
mwgZalAFNhM	16,805,717
N-aK6JnyFmk	294,655,772
4aeETEoNfOg	160,947,794
UDfAdHBtK_Q	10,644,636
qw2TD91Nytg	6,757,796
VNsd8Yo5zvc	38,820,221
H_4OqY7GMNE	235,215
Bl4dEAtxo0M	17,981,790
Tc4ZOs21rRA	33,446,469
X7rdg_tKzKQ	267,187,212
oJL-lCzEXgI	14,243,725
cs4RG9u8IVU	15,684,635
fJ9rUzIMcZQ	1,430,093,615
IcrbM1l_BoI	2,118,665,015
SSbBvKaM6sk	141,985,153
T3E9Wjbq44E	600,225,396
_PrSxoMJPL8	2,819,532
v3xwCkhmies	171,071,520
eOXDt1XvHgY	9,460,140
k-sfFFnfO8g	11,904,692
wFeZ2EOc8KY	11,946
C1AHec7sfZ8	36,762,296
oTPgAmj3sSs	327,473
JDG2m5hN1vo	93,173,756
x34icYC8zA0	51,980,067
0CFuCYNx-1g	151,876,798
NHozn0YXAeE	116,987,001
l5aZJBLAu1E	69,570,698
KO3l6qNA2Q4	25,767,327
0ZgjmE6xdaw	90,144,613
HSry5-qfVFs	29,310,297
jenWdylTtzs	77,963,660
0hjqGN-9anA	48,803,459
fUis9yny_lI	340,706,859
FuAHR4lkjCo	7,814,710
s36eQwgPNSE	32,254,835
DDt3u2Ev1cI	38,739,419
515CCwsds14	20,108,621
a01QQZyl-_I	200,236,767
IGMabBGydC0	73,775,936
ks_qOI0lzho	57,208,137
ZhfWiU8wGCc	95,517,206
ql9-82oV2JE	71,125,332
86URGgqONvA	42,762,946
b-VAxGJdJeQ	48,365,186
_JZom_gVfuw	428,748,113
leopt__ATR0	200,806,434
wuvtoyVi7vY	53,287,957
VjHMDlAPMUw	361,634,327
ByfFurjQDb0	411,957,470
2Q_ZzBGPdqE	99,707,929
aJOTlE1K90k	3,191,485,046
ea3NPjCXPeg	156,289,100
NyVYXRD1Ans	184,766,477
HgzGwKwLmgM	731,491,471
4z2DtNW79sQ	151,944,354
L0MK7qz13bU	2,677,457,884
_zBwRDEFMRY	25,860,804
-tJYN-eG1zk	504,369,837
CHk5SWVO4p8	40,200,782
UCxgbOBVSfM	11,182,672
KOwjKQlhJKE	1,402,057
6PDMtqejNfs	10,947,537
U16Xg_rQZkA	55,498,365
kijpcUv-b8M	400,717,554
gyKu5fDHJZU	82,197
mrWUlc46dQ0	33,981
tSamjnqHgIw	93,658,384
VYOjWnS4cMY	808,866,544
Eh44QPT1mPE	98,108,869
rmuudxyM0t4	19,610,926
oGpFcHTxjZs	146,420,815
oM60hSMqIkI	19,461,183
BN1WwnEDWAM	101,937,390
NKMtZm2YuBE	50,933,845
YF1R0hc5Q2I	34,342,622
pRpeEdMmmQ0	3,002,389,804
KD5fLb-WgBU	271,864,507
IbW5K2F1N28	6,422,348
h7MYJghRWt0	8,125,305
jp-CVYGEsjg	80,349,484
8-r-V0uK4u0	63,345,297
b8I-7Wk_Vbc	475,501,847
_FrOQC-zEog	259,349,961
DDOL7iY8kfo	35,306,073
tRcPA7Fzebw	70,719,085
LTrk4X9ACtw	27,824,673
He5NctQPXK8	44,601,479
GXjn_z4UrxI	198,640
KXw8CRapg7k	94,382,131
EM4vblG6BVQ	52,350,957
PKB4cioGs98	270,197,664
OGRN-E8rJXo	9,846
34ZmKbe5oG4	3,793,012
l5aZJBLAu1E	69,571,000
IXdNnw99-Ic	226,112,207
axySrE0Kg6k	274,005,615
ujNeHIo7oTE	80,409,672
HKtsdZs9LJo	56,304,688
pj6k-EFxqAI	172,468,024
VMnjF1O4eH0	102,702,722
mrZRURcb1cM	175,715,382
HQmmM_qwG4k	156,505,315
2ZBtPf7FOoM	228,741,681
8iwmdq_clSQ	51,002,802
t5qURKt4maw	95,440,614
LzGBQerkvWs	4,845,945
NJzoBmVPeYw	56,554,178
FGJCQppsIvs	189,353
rY0WxgSXdEE	518,291,206
XyIDxpUJ10Q	39,893,822
NUsoVlDFqZg	3,134,356,931
git6DCXSqjE	42,692,140
6ZwjdGSqO0k	15,241,939
SGyOaCXr8Lw	50,272,844
mZ6VezKMoRY	20,239,348
pAzFRfzwT-g	21,128,750
9G1I16gJBvU	28,523,480
6Cs3Pvmmv0E	34,752,154
uCGD9dT12C0	32,782,305
3KL9mRus19o	272,049,730
ovX1HloCgdA	852,891,903
Mptdcx36qZU	99,518,382
pUjE9H8QlA4	492,172,381
Rw3KwUQfc5k	11,107,429
Qt2mbGP6vFI	405,678,429
vLkBybsH73k	6,123,060
UWLr2va3hu0	433,190,705
A68j28KQaik	63,782,901
nrIPxlFzDi0	123,467,070
6tlSx0jkuLM	38,419,235
Vppbdf-qtGU	160,293,325
hAx6mYeC6pY	65,154,960
YiadNVhaGwk	2,142,373
CdqoNKCCt7A	213,568,498
yjJL9DGU7Gg	50,147,694
FVfuwkPL5hg	7,963,498
hOllF3TgAsM	57,852,465
9cBtJYI6itg	104,070,229
jCNKLS9dC_A	13,803,308
XYd8Z3AGxpc	58,814
5zjHakuY6IU	2,443,820
lXgkuM2NhYI	22,064,409
wKyMIrBClYw	72,967,915
rzP26bHpTdw	19,927,626
h_D3VFfhvs4	637,151,283
6HhzIn8I4ak	17,285,046
An2a1_Do_fc	76,772,948
MoHnffhBwqs	291,531,074
mqWq_48LxWQ	98,490,491
rDl3gAJpm_4	59,362,398
45cYwDMibGo	91,719,931
NPcyTyilmYY	62,421,995
UmPgMc3R8zg	34,915,011
AZKcl4-tcuo	34,197,579
5X-Mrc2l1d0	262,356,471
azdwsXLmrHE	261,616,601
6jZVsr7q-tE	250,801,688
awtYiVGXiaY	31,424,870
JRWox-i6aAk	310,433,450
5NV6Rdv1a3I	605,179,743
nZBKFoeDKJo	50,496,813
ii_t0AwYXXw	22,081
Vddl9TK5RqU	16,022,302
kcZMCMI24gs	32,511,921
AOMyS78o5YI	10,299,446
QkF3oxziUI4	72,473,957
SybgWaQy7_c	3,092,455
NOG3eus4ZSo	70,970,089
3XsZc-695so	3,404,935
cE6wxDqdOV0	280,064,892
KCkmIyC6v00	9,759,477
h2mtWMc7QdU	52,348,628
cycUHgg0zzU	163,861,072
C9IwBJYTwQ0	6,022,514
JmcA9LIIXWw	585,798,659
R4GLAKEjU4w	18,526,483
N9kdHXrJYF8	37,951,656
RQUuqbzQVsY	344,934,380
E0wW9RwpG7M	168,695,130
rz-vqMXZuOw	17,993,783
zUwEIt9ez7M	111,198,240
rtOvBOTyX00	1,989,690,235
TFjmvfRvjTc	87,952,208
YkgkThdzX-8	237,163,406
94Ye-3C1FC8	8,742,680
5vyMuxxLsD0	4,915,663
dL3AiuTsbOU	26,303,760
HaZpZQG2z10	59,797,717
aOKTW6Zt_cU	471,851
DkBMWBI6KQs	8,526,639
mj0XInqZMHY	315,733,940
MbXWrmQW-OE	87,064,982
GimrxP2U0ZE	33,344,179
0E7rUemfC-A	2,933,262
nOubjLM9Cbc	145,136,939
16y1AkoZkmQ	249,103,699
VmEWlKLbBF4	40,330,857
ooZwmeUfuXg	52,652,686
2s4slliAtQU	36,630,184
yN4Uu0OlmTg	20,947,138
epOBenUjIHw	18,810,668
jYPjXytXTDg	167,216
X4bgXH3sJ2Q	54,188,940
RQa7SvVCdZk	423,820,400
u1xrNaTO1bI	145,132,024
94Rq2TX0wj4	170,840,446
WEQnzs8wl6E	132,874,771
HzZ_urpj4As	403,028,454
EORSLz0_BRU	20,152,937
0UIB9Y4OFPs	76,849,022
wB9YIsKIEbA	27,639,783
E1vXNrN6BbU	3,529,474
Il-an3K9pjg	618,825,470
SQTHB4jM-KQ	21,662,744
_ovdm2yX4MA	567,607,581
20Ov0cDPZy8	113,146,140
HmQq6yLe2ww	29,610,385
V15BYnSr0P8	228,715,433
Y2E71oe0aSM	222,526,717
NI6aOFI7hms	61,948,859
Eab_beh07HU	30,252,359
_6r2P4W9Yog	10,761,735
1y6smkh6c-0	804,331,225
DWaB4PXCwFU	195,118,900
Dr1nN__-2Po	250,310,293
MVxMmMuTk60	16,346,347
RkozLmiLBc0	12,851,649
GuAtcpFQpMw	80,854,995
RiqgTPmkfek	12,041,194
-0kcet4aPpQ	24,787,219
UxxajLWwzqY	183,983,004
LNxWTS25Tbk	18,974,607
iymtpePP8I8	23,316,058
VbD_kBJc_gI	24,712,723
wXTJBr9tt8Q	47,033,664
YkADj0TPrJA	235,958,143
fB63ztKnGvo	197,710,664
9XxzXR1ArbY	1,494,812
X-Oa60g7TyI	3,005,788
KRAMNWzfjcg	204,858,517
dGghkjpNCQ8	277,030,877
RlNhD0oS5pk	95,087,546
CS9OO0S5w2k	254,711,998
FYH8DsU2WCk	165,268,965
52nfjRzIaj8	385,971,457
i1IKnWDecwA	111,889,867
swnudbCnccs	9,565,606
fuKDBPw8wQA	32,033,073