channelId,channelTitle,publishedAt,spotify_index,title,video_id
UCKup2M8_qSaV3f9UlN723Fw,The Best Of - Home Of Classic Music,2012-11-01T10:29:09Z,3969,The Who - My Generation,qN5zw04WxCc
UCVWA4btXTFru9qM06FceSag,PitbullVEVO,2014-05-16T14:00:04Z,3237,We Are One (Ole Ola) [The Official 2014 FIFA World Cup Song] (Olodum Mix),TGtWWb9emYI
UCNDaFXLGF7W6ADJ7eUwIhgg,Fox Family Entertainment,2019-02-22T13:59:48Z,4027,The Greatest Showman | &quot;Come Alive&quot; Lyric Video | Fox Family Entertainment,BDd9dejw2HY
UCz2SUbUr2k0T3nEmutgsPjg,Hear This Music,2018-11-06T05:05:31Z,1856,Bubalu - Anuel AA x Prince Royce x Becky G x Mambo Kingz x Dj Luian,atNGFSCjwuc
UCSv-DzyvYmYCst9di5_olcQ,Anna Mintz,2009-10-17T18:22:48Z,3943,Going to California - Led Zeppelin (with lyrics),7IZ-jATBq9A
UCWEtnEiVwUy7mwFeshyAWLA,RHINO,2013-01-23T02:25:35Z,2476,The Cars - Drive (Official Music Video),xuZA6qiJVfU
UCYMEOGcvav3gCgImK2J07CQ,NEA ZIXNH,2016-11-10T14:29:49Z,3721,Deep Purple - Highway Star 1972 Video HQ,UAKCR7kQMTQ
UCB_Z6rBg3WW3NL4-QimhC2A,The Rolling Stones,2012-06-13T17:09:03Z,2617,The Rolling Stones - Brown Sugar (Live) - OFFICIAL,Fmfi3UbDPnQ
UC7WtKoUUbElX4Om6eHtSSWQ,ABKCOVEVO,2015-11-19T08:00:00Z,1315,"The Rolling Stones - Paint It, Black (Official Lyric Video)",O4irXQhgMqg
UC4rasfm9J-X4jNl9SvXp8xA,Ultra Music,2015-04-08T07:00:02Z,57,OMI - Cheerleader (Felix Jaehn Remix) [Official Video],jGflUbPQfW8
UCpDJl2EmP7Oh90Vylx0dZtA,Spinnin' Records,2013-09-17T14:42:42Z,4307,Parra for Cuva ft. Anna Naklab - Wicked Games (Official Music Video),Vh5j7zDpy-4
UCy5FUarBYUHFpPtYVuvzgcA,ZaynVEVO,2017-09-07T12:00:09Z,1032,ZAYN - Dusk Till Dawn (Official Video) ft. Sia,tt2k8PGm-TI
UCMKj2kj9ckyceoUUQln9JKg,BigPunisherVEVO,2018-10-19T17:19:01Z,3097,Big Pun - Still Not a Player (Official Video) ft. Joe,7Xue-dOOLiY
UCvrSGM0lwEQA3pslviEq1OQ,Rewind Music Group,2010-04-26T03:05:29Z,2169,Elton John - Bennie and the Jets,p5rQHoaQpTw
UCe4LM_eKc9ywRmVuBm5pjQg,Atlantic Records,2017-12-08T05:07:31Z,4033,The Greatest Showman Cast - A Million Dreams (Reprise) [Official Audio],akdkEh-fzes
UCJdIupC9OpSpNyy7KvtV12A,cappew22,2009-03-09T21:57:26Z,1904,Alphaville - Forever Young ~Official Video,t1TcDHrkQYg
UCb3tJ5NKw7mDxyaQ73mwbRg,Kontor.TV,2013-09-20T09:50:41Z,762,Klingande - Jubel (Official Video HD),b6vSf0cA9qY
UCLVVBWrp9jw4-SYUoU42hcg,Robin Schulz,2014-05-20T13:59:30Z,131,Lilly Wood &amp; The Prick and Robin Schulz - Prayer In C (Robin Schulz Remix) (Official),fiore9Z5iUg
UCZijND2e2tPp2AQL8Go2YSg,BritneySpearsVEVO,2013-10-22T07:00:03Z,2637,Britney Spears - My Only Wish (This Year) (Official Audio),_MzumcY3lpk
UC1l7wYrva1qCH-wgqcHaaRg,David Guetta,2014-02-28T16:58:58Z,431,David Guetta - Shot Me Down ft. Skylar Grey (Lyric Video),3x2ABSAMVno
UC4dqLAF7yT-_DqeYisQ001w,TheBeatlesVEVO,2019-09-26T16:00:11Z,1336,The Beatles - Here Comes The Sun (2019 Mix),KQetemT1sWc
UCQnv85UctBEPVDzEV5nNk-A,TheGreatestRockSongs,2010-04-21T20:06:24Z,1334,Fleetwood Mac - Go You Own Way,6ul-cZyuYq4
UC-xEX3tz75hYuRnSC3EK1hg,Country Music New,2021-09-07T13:15:01Z,1335,Eagles - Hotel California (Lyrics),A04_0BaV3G4
UCaKZA66vM_TUpetUNohmR0A,Led Zeppelin,2020-07-10T13:59:54Z,2630,Led Zeppelin - Good Times Bad Times (Official Audio),TA9Rec1qAFQ
UCx1f1u4XlFFr0YgqF3wB4lQ,JenniferLopezVEVO,2011-03-04T01:40:06Z,823,Jennifer Lopez - On The Floor ft. Pitbull,t4H_Zoh7G5A
UCOvEMf00DnwdkpOCRWdc6uA,Charli XCX,2021-09-02T18:00:12Z,2016,Charli XCX - Good Ones [Official Video],kjAuUXdSFaM
UC1SqP7_RfOC9Jf9L_GRHANg,AviciiOfficialVEVO,2012-12-24T19:11:09Z,374,Avicii vs Nicky Romero - I Could Be The One (Nicktim),bek1y2uiQGA
UCugnPHLD37jqUjsFI8xHKOA,OzWho,2009-06-18T21:29:27Z,2632,Kashmir - Led Zeppelin,sfR_HWMzgyc
UCTBxqvssDC3CD2so3jf5cmg,heartbroke corner,2018-10-18T21:29:33Z,3304,The 1975 ~ It&#39;s Not Living (If It&#39;s Not With You) Lyrics,ZqoXU583vsY
UCvu362oukLMN1miydXcLxGg,EllieGouldingVEVO,2011-01-20T17:56:25Z,488,Ellie Goulding - Lights (Official Video),0NKUpo_xKyQ
UCfOTTeREY6_1LSW5M0bdG7g,VHTelevision,2009-10-02T12:05:50Z,930,Van Halen - Jump (Official Music Video),SwYN7mTi6HM
UCWEtnEiVwUy7mwFeshyAWLA,RHINO,2020-01-25T15:59:49Z,1232,Foreigner - I Want To Know What Love Is (Official Music Video),r3Pr1_v7hsw
UCgwv23FVv3lqh567yagXfNg,DisneyMusicVEVO,2019-12-04T16:30:01Z,3246,"Idina Menzel, AURORA - Into the Unknown (From &quot;Frozen 2&quot;)",gIOyB9ZXn8s
UCaisXKBdNOYqGr2qOXCLchQ,Iron Maiden,2015-08-07T13:36:58Z,3410,Iron Maiden - The Number Of The Beast (Official Video),WxnN05vOuSM
UC1l7wYrva1qCH-wgqcHaaRg,David Guetta,2014-04-10T13:00:38Z,195,David Guetta &amp; Showtek - Bad ft.Vassy (Lyrics Video),oC-GflRB0y4
UCH_YpPVrF7Kzjew8rB2cdjg,The1975VEVO,2018-08-29T16:00:01Z,3388,The 1975 - TOOTIMETOOTIMETOOTIME (Official Video),4fxPQUKfim4
UC4dqLAF7yT-_DqeYisQ001w,TheBeatlesVEVO,2015-12-07T08:00:00Z,2147,The Beatles - Hey Jude,A_MjCqQoLLA
UCSEmH1YyFWltSBYkfLMtkcg,ElvisPresleyVEVO,2010-06-11T01:55:55Z,3473,"Junkie XL, Elvis Presley - A Little Less Conversation (Elvis vs JXL)",Zx1_6F-nCaw
UCn7Z0uhzGS1KjnO-sWml_dw,Unique Vibes,2018-12-14T05:00:12Z,3350,"XXXTENTACION, Lil Wayne, Ty Dolla $ign - Scared of the Dark (Lyrics)",n3VXN0wavq8
UCUDVBtnOQi4c7E8jebpjc9Q,Oasis,2008-02-07T17:24:58Z,284,Oasis - Wonderwall  (Official Video),6hzrDeceEKc
UCKI33Zd-b17rDIcPSv9E_-w,SimplePlan,2012-03-31T12:42:00Z,2346,Simple Plan - Summer Paradise ft. Sean Paul (Official Video),qjHlgrGsLWQ
UCpd21W3qWyzIl8-PXvyDA2g,U2VEVO,2009-12-14T11:55:04Z,3489,U2 - Pride (In The Name Of Love) (Official Music Video),LHcP4MWABGY
UCYkW00cPFkp1UzYON7XZB2A,EurythmicsVEVO,2009-10-25T07:00:44Z,2145,"Eurythmics, Annie Lennox, Dave Stewart - Sweet Dreams (Are Made Of This) (Official Video)",qeMFqkcPYcg
UCH_YpPVrF7Kzjew8rB2cdjg,The1975VEVO,2016-02-26T00:00:00Z,1118,The 1975 - The Sound,FSnAllHtG70
UCH_YpPVrF7Kzjew8rB2cdjg,The1975VEVO,2018-10-15T17:00:00Z,3303,The 1975 - Love It If We Made It (Official Video),1Wl1B7DPegc
UCCQd3l-XmXQ7C2fI6rH41dw,MidnightOilVEVO,2009-10-03T19:44:48Z,4108,Midnight Oil - Beds Are Burning,ejorQVy3m8E
UCWEtnEiVwUy7mwFeshyAWLA,RHINO,2013-07-01T23:30:47Z,2224,ZZ Top - Sharp Dressed Man (Official Music Video),7wRHBLwpASw
UCcjzED8C04e2DaeziiF9Mjw,TheEaglesHD,2011-06-12T16:50:22Z,2620,Eagles Life In The Fast Lane -HD,4tcXblWojdM
UCM-qvuPdqzHtDLWYIymb56A,PaulMcCartneyVids,2009-01-17T07:04:54Z,2020,Paul McCartney - Blackbird (Live),RDxfjUEBT9I
UCrTC0tOY5aujQFYDRf65xiw,Alanis Morissette,2007-05-19T02:39:41Z,1260,Alanis Morissette - Ironic (Official 4K Music Video),Jne9t8sHpUc
UC4CnFBpo6Zk8D6bmeXB0MTg,ThePoliceVEVO,2010-02-23T15:22:13Z,763,The Police - Every Breath You Take (Official Video),OMOGaugKpzs
UCtHY_7BXK9Bn3Dp3cjBgCLA,SHMVEVO,2010-07-14T02:31:22Z,1495,Swedish House Mafia - One (Your Name) (Official Video),PkQ5rEJaTmk
UC0RKPIqgL98gqKmYlr-V5-A,Solrac Etnevic,2016-06-22T19:29:48Z,2445,Gloria Gaynor - I Will Survive [Official Video] 1978 [Audio iTunes Plus AAC M4A],ARt9HV9T0w8
UChl3h_bqcx_c15f7WOtSn-A,Sido,2021-11-18T23:00:03Z,4055,Sido – Mit Dir (prod. by Beatgees) [Visualizer],9VAFU492-Dk
UC8YgWcDKi1rLbQ1OtrOHeDw,David Bowie,2015-07-09T16:53:21Z,1939,David Bowie – Space Oddity (Official Video),iYYRH4apXDo
UCgwv23FVv3lqh567yagXfNg,DisneyMusicVEVO,2020-05-22T04:00:12Z,3247,"Kristen Bell, Idina Menzel - For the First Time in Forever (From &quot;Frozen&quot;/Sing-Along)",ZrX1XKtShSI
UCpDJl2EmP7Oh90Vylx0dZtA,Spinnin' Records,2015-06-27T15:00:01Z,1763,Sam Feldt - Show Me Love (EDX&#39;s Indian Summer Remix) [Official Video],ZTEHNRGqcxA
UCUXo1R9kPpd7XtLMNhCQJiA,zhd,2016-03-06T13:21:12Z,3628,Simple Minds - Don&#39;t You (Forget About Me - zhd extended remix)[remix audio],kLg9rX5MCCA
UCIZGqIYkST36dLp0uf9o9nw,The Notorious B.I.G.,2011-09-06T20:42:20Z,669,The Notorious B.I.G. - Hypnotize (feat. Pam Long) (Official Music Video),glEiPXAYE-U
UC4CnFBpo6Zk8D6bmeXB0MTg,ThePoliceVEVO,2010-08-19T21:34:54Z,1259,The Police - Roxanne,3T1c7GkzRQQ
UCmfFGTSsfJVu6CGvL8r75qg,MarkRonsonVEVO,2019-02-25T17:06:30Z,2514,Mark Ronson ft. Amy Winehouse - Valerie (Official Video),bixuI_GV5I0
UCkLD1wPHFVIGu92JLCdUYLg,Pink Floyd Remasted Songs,2013-12-02T05:02:09Z,2177,Pink Floyd - Time (2011 Remastered),JwYX52BP2Sk
UCK0TuNeYqg9oYGSksX-jNkg,Chicago Band,2009-10-27T01:51:55Z,3266,Chicago - You&#39;re the Inspiration (Official Music Video),CRfy1yorkec
UCjIILWUX89AHJmDpFCZ2-og,Seven Hip-Hop,2020-05-29T23:56:57Z,1693,2Pac - California Love feat. Dr. Dre (Dirty) (Music Video) HD,mwgZalAFNhM
UCkTnQRDlSWKfXdxzXRgJmhA,Folk Experience,2010-08-02T23:13:35Z,2478,The Mamas &amp; The Papas - California Dreamin&#39;,N-aK6JnyFmk
UCflKJMyrnJNuD4eEvs9-5CA,SmashingPumpkinsVEVO,2011-08-03T01:25:11Z,3456,The Smashing Pumpkins - 1979 (Official Music Video),4aeETEoNfOg
UCq8x90UTaVXcNHuWa6OQgjA,TheWhoVEVO,2019-10-11T04:00:02Z,3965,The Who - Won&#39;t Get Fooled Again (Shepperton Studios / 1978),UDfAdHBtK_Q
UCiMhD4jzUqG-IgPzUmmytRQ,Queen Official,2019-12-15T11:29:56Z,3699,Queen - Thank God It&#39;s Christmas (Official Lyric Video),qw2TD91Nytg
UCZCmb5a8LE9LMxW9I3-BFjA,ourmemoriestonight,2020-04-22T19:35:14Z,1117,the 1975 - somebody else // lyrics,VNsd8Yo5zvc
UCGBZIU-Cdzdt3hlahW-GYBw,Disney ¡Lover!,2021-04-15T18:00:07Z,4030,High School Musical 3 - Can I Have This Dance (Official Music Video) 4k,H_4OqY7GMNE
UCHSVZMkWUe4MW6msVLCiauA,mig31imstillalive,2009-05-02T04:08:09Z,3874,Van Halen- Runnin&#39; with the devil,Bl4dEAtxo0M
UCjssjNZf4sOUmI8j0g0ReIQ,Liquid Sounds,2019-10-25T08:52:28Z,2162,Conan Gray - Maniac (Lyrics),Tc4ZOs21rRA
UCe4LM_eKc9ywRmVuBm5pjQg,Atlantic Records,2015-02-17T04:02:08Z,2840,"Kid Ink, Tyga, Wale, YG, Rich Homie Quan - Ride Out (from Furious 7 Soundtrack) [Official Video]",X7rdg_tKzKQ
UCnc232Affn0T-Rz_JF0Oq0A,DuranDuranVEVO,2018-07-04T23:16:30Z,3630,Duran Duran - Hungry like the Wolf (Official Music Video),oJL-lCzEXgI
UCkq7qMbhhK67RSD10r8iyFQ,Redbaron863,2018-01-31T10:22:33Z,3900,Nights in White Satin - The Moody Blues - in Paris.  Restored video!,cs4RG9u8IVU
UCiMhD4jzUqG-IgPzUmmytRQ,Queen Official,2008-08-01T11:06:40Z,30,Queen – Bohemian Rhapsody (Official Video Remastered),fJ9rUzIMcZQ
UC1SqP7_RfOC9Jf9L_GRHANg,AviciiOfficialVEVO,2013-07-29T15:55:09Z,68,Avicii - Wake Me Up (Official Video),IcrbM1l_BoI
UCayF7CVMe7729YV1x9c3LVA,Parlophone Records,2009-04-15T20:31:11Z,2772,Blur - Song 2,SSbBvKaM6sk
UClVrJwcIy7saPcGc1nct80A,Fueled By Ramen,2011-08-12T20:20:46Z,618,Gym Class Heroes: Stereo Hearts ft. Adam Levine [OFFICIAL VIDEO],T3E9Wjbq44E
UC7k1RyGBuLSEow1vCCudxvg,Squad Lyrics,2020-05-30T17:00:18Z,3326,Madcon - Beggin&#39; (Lyrics),_PrSxoMJPL8
UC_fFeXYrleI98XxpElf_QnA,ArKay74,2006-05-30T16:00:25Z,1977,Queen - Love of My Life,v3xwCkhmies
UCmHFx5jqoU-Wv17g7l_g2Mg,BrawlDiscussion,2010-02-10T20:55:50Z,2146,The Beatles -  Let It Be - Let It Be (STEREO REMASTERED),eOXDt1XvHgY
UCrH3_V7LdHP_WwGpv2TT5jw,CazzetteVEVO,2014-05-27T16:32:26Z,3312,CAZZETTE - Sleepless ft. The High (Lyric Video),k-sfFFnfO8g
UC_UJdqZuFhRXfeYXYrhwgJA,Netflix Film Club,2021-12-10T05:00:00Z,3678,Ariana Grande &amp; Kid Cudi - Just Look Up (Full Performance Video) | Don&#39;t Look Up | Netflix,wFeZ2EOc8KY
UC7cocFeSWrp8sxEoOOKVXFg,lightningr0d,2009-04-08T03:33:07Z,3478,Frank Sinatra- I&#39;ve got you under my skin,C1AHec7sfZ8
UCNd0qqcBpuXCWPM76lDUxqg,Lithuania HQ,2014-01-24T12:55:35Z,1816,Spandau Ballet - True (Lane 8 Edit),oTPgAmj3sSs
UCL1CYf5UD0bz1erWUa2b8UQ,Raelsalmacis,2017-07-06T05:42:30Z,1332,Fleetwood Mac - The Chain,JDG2m5hN1vo
UCLarZi1y1MuGgXWzWSu8Tug,Erasure,2009-02-25T19:46:10Z,3492,Erasure - A Little Respect (Official HD Music Video),x34icYC8zA0
UCRoMdmC1DsYvp8D5ntqL76w,lozzagermain,2009-06-27T21:50:44Z,637,Stevie Wonder Superstition,0CFuCYNx-1g
UCDNdrvpr9uMD1gkQwvO0Muw,HansonVEVO,2009-10-07T07:01:45Z,3328,Hanson - MMMBop (Official Music Video),NHozn0YXAeE
UCmoGSObIcJ4RMUuax7KeSfw,TheWeatherGirlsVEVO,2013-02-07T22:48:35Z,3360,The Weather Girls - It&#39;s Raining Men (Video),l5aZJBLAu1E
UCmz7BXZIselD5CfX8s95A4g,Fredrik Iversen,2009-08-24T19:25:47Z,1993,Metallica - For Whom The Bell Tolls [HQ],KO3l6qNA2Q4
UCCJ_1t1xHtks-cv1IU6EAWw,FergieVEVO,2013-08-06T15:40:09Z,853,"Fergie - A Little Party Never Killed Nobody (All We Got) ft. Q-Tip, GoonRock",0ZgjmE6xdaw
UCfyi9QuDWdapI6ICbjYgxtA,JonasBrothersVEVO,2013-03-29T14:10:17Z,4396,Jonas Brothers - Year 3000,HSry5-qfVFs
UC4dqLAF7yT-_DqeYisQ001w,TheBeatlesVEVO,2016-04-07T07:00:01Z,2019,The Beatles - I Want To Hold Your Hand - Performed Live On The Ed Sullivan Show 2/9/64,jenWdylTtzs
UCoym1Cd-NBEmqunb9F7ZekQ,JordanDavisVEVO,2018-01-11T05:00:01Z,2714,Jordan Davis - Singles You Up (Official Music Video),0hjqGN-9anA
UCa3-TDDacD82uim-CyFyekg,fabmusicify,2011-12-22T23:20:18Z,3632,Berlin - Take My Breathe Away theme from Top Gun with Lyrics,fUis9yny_lI
UCl7cVzHngS0kg51TPrDbqlg,Shadow Music,2019-12-07T15:05:59Z,690,Wham! - Last Christmas (Lyrics),FuAHR4lkjCo
UCp79gGmFTk9kJZl1woueGLQ,Daniel Pignataro,2016-01-12T12:21:21Z,2669,Funkytown- Lipps Inc (original),s36eQwgPNSE
UCHbpGmk-Srd3Ti73aDItRtg,TheOldrecordclub,2014-12-05T01:07:05Z,2619,Chris Rea ~ Driving Home For Christmas  (1986),DDt3u2Ev1cI
UCe4LM_eKc9ywRmVuBm5pjQg,Atlantic Records,2017-12-08T05:07:32Z,4036,The Greatest Showman Cast - Never Enough (Reprise) [Official Audio],515CCwsds14
UCiMhD4jzUqG-IgPzUmmytRQ,Queen Official,2008-09-09T18:20:14Z,645,Queen - Under Pressure (Official Video),a01QQZyl-_I
UCTjXGA8_SSKvYfZl2AEJiYQ,RustedRootVEVO,2009-10-08T17:47:01Z,1265,Rusted Root - Send Me On My Way (Official Music Video),IGMabBGydC0
UC9YTouco1dW1KIZL-P3znoA,TheCureVEVO,2010-02-23T14:56:37Z,4104,The Cure - Lovesong (Official Video),ks_qOI0lzho
UCYU4eunPInnHTNWfGvOgkbg,johnlennon,2016-12-18T15:19:54Z,3681,"WOMAN. (Ultimate Mix, 2020) - John Lennon (official music video HD)",ZhfWiU8wGCc
UCF3EnnuLjeab3r8l1k2rV9g,OffspringVEVO,2017-01-18T01:21:42Z,2208,"The Offspring - You&#39;re Gonna Go Far, Kid (Official Music Video)",ql9-82oV2JE
UCaisXKBdNOYqGr2qOXCLchQ,Iron Maiden,2015-08-07T13:36:56Z,1936,Iron Maiden - Run To The Hills (Official Video),86URGgqONvA
UC4dqLAF7yT-_DqeYisQ001w,TheBeatlesVEVO,2016-04-08T07:00:01Z,2149,The Beatles - Twist &amp; Shout - Performed Live On The Ed Sullivan Show 2/23/64,b-VAxGJdJeQ
UCIZGqIYkST36dLp0uf9o9nw,The Notorious B.I.G.,2011-09-06T20:35:35Z,701,The Notorious B.I.G. - Juicy (Official Video) [Remastered in 4K],_JZom_gVfuw
UC0VOyT2OCBKdQhF3BAbZ-1g,ArianaGrandeVevo,2019-09-13T04:00:12Z,2582,"Ariana Grande, Miley Cyrus, Lana Del Rey - Don’t Call Me Angel (Charlie’s Angels)",leopt__ATR0
UC4JeRiQvPQ_nb1BZWjk9QoA,Phil Collins,2010-05-10T17:29:40Z,3053,Phil Collins - Against All Odds (Take A Look At Me Now) (Official Music Video),wuvtoyVi7vY
UCGZXYc32ri4D0gSLPf2pZXQ,Armada Music,2014-09-02T19:00:12Z,160,Lost Frequencies - Are You With Me (Official Music Video),VjHMDlAPMUw
UCwUtwxkX0IDk9_OYaBcmRnQ,CalumScottVEVO,2018-03-07T08:00:00Z,4267,"Calum Scott, Leona Lewis - You Are The Reason (Duet Version)",ByfFurjQDb0
UC4dqLAF7yT-_DqeYisQ001w,TheBeatlesVEVO,2018-06-21T15:00:01Z,3086,The Beatles - Help!,2Q_ZzBGPdqE
UCN1hnUccO4FD5WfM7ithXaw,Maroon5VEVO,2018-05-31T04:00:00Z,50,Maroon 5 - Girls Like You ft. Cardi B (Official Music Video),aJOTlE1K90k
UC4wIgalZ9x3kbgzyAE2SWLw,I Belong to the Zoo,2018-06-22T07:00:03Z,4225,I Belong to the Zoo - Sana (Official Music Video),ea3NPjCXPeg
UCe4LM_eKc9ywRmVuBm5pjQg,Atlantic Records,2017-10-27T04:04:13Z,4026,The Greatest Showman Cast - The Greatest Show (Official Audio),NyVYXRD1Ans
UCiMhD4jzUqG-IgPzUmmytRQ,Queen Official,2008-08-01T12:05:22Z,643,Queen - Don&#39;t Stop Me Now (Official Video),HgzGwKwLmgM
UCkZu0HAGinESFynhe3R4hxQ,BruceSpringsteenVEVO,2009-10-03T04:41:46Z,3010,Bruce Springsteen - Streets of Philadelphia (Official Video),4z2DtNW79sQ
UCQphRgAhj5UxktrQNP3WF5g,Disney UK,2014-01-30T17:16:06Z,358,FROZEN | Let It Go Sing-along | Official Disney UK,L0MK7qz13bU
UCiNz8SJChrsACj3MKj_0QEA,BlondieMusicOfficial,2014-04-22T14:05:20Z,2675,Blondie - &quot;One Way Or Another&quot; (Audio),_zBwRDEFMRY
UCiMhD4jzUqG-IgPzUmmytRQ,Queen Official,2008-08-01T23:47:47Z,689,Queen - We Will Rock You (Official Video),-tJYN-eG1zk
UCH_YpPVrF7Kzjew8rB2cdjg,The1975VEVO,2013-08-28T23:00:08Z,531,The 1975 - Chocolate (Official Video),CHk5SWVO4p8
UCcvnDgwSH5Dl2b3Bxfz4OCQ,Scorpions,2015-09-03T11:20:13Z,3114,Scorpions - Rock You Like A Hurricane (Official Video),UCxgbOBVSfM
UCnX904mpUNNbWBpIpA2lNUw,Acoustic Music Collection New,2020-06-03T01:50:24Z,3719,James Blunt Greatest  Hits Full Album 2020,KOwjKQlhJKE
UCCeZVPTNbjZx3gKwCBqxGPQ,TVmainos,2018-02-26T21:17:03Z,1935,Iron Maiden - Fear Of The Dark (En Vivo!) 4K,6PDMtqejNfs
UCW_-DOZH3hkacpFw3hHA3sA,Allu,2008-08-09T13:48:12Z,2096,David Bowie - Rebel Rebel,U16Xg_rQZkA
UCiMhD4jzUqG-IgPzUmmytRQ,Queen Official,2013-08-07T12:43:14Z,1670,Queen - Somebody To Love (Official Video),kijpcUv-b8M
UCRE_wV728jJ7iOqrI2NPnCA,Mr. 305,2016-05-17T18:20:59Z,2739,Pitbull - Como Yo Le Doy (Spanglish Version) ft. Don Miguelo [Official Audio],gyKu5fDHJZU
UCD3MWqSSDYych71CI7Fyq0A,Giovanni,2016-08-19T18:13:44Z,1854,Eagles   Take it easy,mrWUlc46dQ0
UCfk5m63v62MYSFm8YtHgdAA,LunyTunesVEVO,2015-10-30T00:00:01Z,1250,"Luny Tunes, Daddy Yankee, Wisin, Don Omar, Yandel - Mayor Que Yo 3 (Lyric Video)",tSamjnqHgIw
UCjYO25ZVJT523TD1iYHzcbw,ChildishGambinoVEVO,2018-05-06T04:00:07Z,581,Childish Gambino - This Is America (Official Video),VYOjWnS4cMY
UC44220tB3RNA-k11s-dGe4w,clydeman,2006-09-13T06:09:36Z,3330,Neil Young - Heart Of Gold,Eh44QPT1mPE
UCeBJ1-7FiqUzlZlGZ58fgnQ,This Is A Challenge,2017-03-15T16:16:27Z,1144,Flo Rida &amp; 99 Percent - &quot;Cake&quot; (Official Music Video),rmuudxyM0t4
UCfBkblXPcSNt784AZz5J6AQ,Tina Turner Official,2009-03-13T14:16:51Z,3295,Tina Turner - What&#39;s Love Got to Do with It [HD REMASTERED],oGpFcHTxjZs
UCk3NOb_PipJJwzMuaBhEfQg,Birdy,2014-06-06T20:59:17Z,1774,The Fault in Our Stars I Birdy - Tee Shirt I Official Video,oM60hSMqIkI
UCZZqOGJ0HxYblCEC-K4nagg,theclashVEVO,2016-08-08T07:00:00Z,1326,The Clash - Should I Stay or Should I Go (Official Audio),BN1WwnEDWAM
UCoECJ7RMZGrMjBrhXSaHtOQ,Bad Boy Entertainment,2016-06-03T11:09:56Z,1616,Puff Daddy [feat. Faith Evans &amp; 112] - I&#39;ll Be Missing You (Official Music Video),NKMtZm2YuBE
UCAb60rVrvVQVfSgrX1UWb0g,Fleetwood Mac,2018-09-27T14:00:20Z,1333,Fleetwood Mac - Everywhere (Official Music Video),YF1R0hc5Q2I
UCGnjeahCJW1AF34HBmQTJ-Q,shakiraVEVO,2010-06-04T22:30:35Z,438,Shakira - Waka Waka (This Time for Africa) (The Official 2010 FIFA World Cup™ Song),pRpeEdMmmQ0
UCeZiul_hKxc-r0yEL27i1Xw,3 Beat,2014-03-24T15:13:26Z,2824,Sigma - Nobody To Love (Official Video) HD,KD5fLb-WgBU
UCBOFKormSGezYGz6Ng_jlpg,OLD TAPES,2018-04-27T08:35:49Z,3085,Led Zeppelin - Rock and Roll Live Video (Madison Square Garden 1973) Original Records,IbW5K2F1N28
UC8CX0LD98EDXl4UYX1MDCXg,VALORANT,2021-11-22T16:00:18Z,1000,Die For You ft. Grabbitz // Official Music Video // VALORANT Champions 2021,h7MYJghRWt0
UCgwv23FVv3lqh567yagXfNg,DisneyMusicVEVO,2019-11-22T15:00:17Z,3549,Panic! At The Disco - Into the Unknown (From &quot;Frozen 2&quot;),jp-CVYGEsjg
UCflKJMyrnJNuD4eEvs9-5CA,SmashingPumpkinsVEVO,2011-08-03T01:25:11Z,3455,The Smashing Pumpkins - Bullet with Butterfly Wings (Official Music Video),8-r-V0uK4u0
UCVttQE6tS_agDSAU61Q65aA,EnriqueIglesiasVEVO,2014-06-13T07:00:01Z,3807,"Enrique Iglesias - Bailando (English Version) ft. Sean Paul, Descemer Bueno, Gente De Zona",b8I-7Wk_Vbc
UCR-Croe2g1CL2-Q7xIbR_Kw,HELLOSEMPA,2009-10-06T15:56:06Z,1344,Pink Floyd - Comfortably numb,_FrOQC-zEog
UCO_nIG0bMk03U3mr6fN-jKA,Lanitana100,2011-07-25T00:22:39Z,3742,Elton John - Goodbye Yellow Brick Road Lyrics,DDOL7iY8kfo
UCW_-DOZH3hkacpFw3hHA3sA,Allu,2008-08-09T12:49:54Z,1940,David Bowie - Starman,tRcPA7Fzebw
UCNIlkuT0DYEc8aFbv3YcvdQ,enyatv,2009-10-27T01:55:05Z,4041,Enya - Orinoco Flow (Official 4K Music Video),LTrk4X9ACtw
UCe4LM_eKc9ywRmVuBm5pjQg,Atlantic Records,2017-12-08T05:07:31Z,4035,The Greatest Showman Cast - Tightrope (Official Audio),He5NctQPXK8
UCxyXXUuZnVBa6s6dJ4Bz2Yw,Mia Wolandova,2010-06-22T11:25:46Z,2230,Simon &amp; Garfunkel - The sound of silence (acoustic version),GXjn_z4UrxI
UCi_ibH-M4Ej1c6ZUmj99HjA,QueenVEVO,2017-01-24T19:15:00Z,1321,Queen - We Are The Champions (Official Live Video),KXw8CRapg7k
UCpd21W3qWyzIl8-PXvyDA2g,U2VEVO,2009-12-14T12:00:21Z,2082,"Sunday Bloody Sunday (Live From Red Rocks Amphitheatre, Colorado, USA / 1983 / Remaste...",EM4vblG6BVQ
UCzbcw181Z5akuNUNLXqFtsQ,JaxJonesVEVO,2016-12-09T00:01:02Z,882,Jax Jones - You Don&#39;t Know Me ft. RAYE,PKB4cioGs98
UC4CZEOBupUT3mb5l3PU4aeQ,Ramón Valls,2020-11-11T19:02:42Z,2462,Amy Winehouse ✧ Valerie (BBC Radio 1 Live Lounge),OGRN-E8rJXo
UCrMNo-qhZbfgewgP3ZuVTZA,TheJimiHendrixExp67,2012-08-07T20:51:26Z,1343,Another Brick in the Wall (Part 2) - Pink Floyd,34ZmKbe5oG4
UCmoGSObIcJ4RMUuax7KeSfw,TheWeatherGirlsVEVO,2013-02-07T22:48:35Z,2681,The Weather Girls - It&#39;s Raining Men (Video),l5aZJBLAu1E
UC7xLkTeEnzQoDOyHuSYyCmg,chartrand,2006-04-05T07:20:00Z,1342,Pink Floyd - Wish You Were Here,IXdNnw99-Ic
UCgwv23FVv3lqh567yagXfNg,DisneyMusicVEVO,2017-03-06T02:00:00Z,1227,"Ariana Grande, John Legend - Beauty and the Beast (From &quot;Beauty and the Beast&quot;/Official Video)",axySrE0Kg6k
UCpd21W3qWyzIl8-PXvyDA2g,U2VEVO,2019-07-15T16:42:36Z,609,U2 - With Or Without You (Official Music Video),ujNeHIo7oTE
UCNMceJPDpB-1ZQJzh2PZ1qw,CageTheElephantVEVO,2010-10-06T15:32:14Z,1208,Cage The Elephant - Ain&#39;t No Rest For The Wicked (Official Video),HKtsdZs9LJo
UCk1OAveiSUJjtQ8w4B_ayrA,FiftyShadesVEVO,2018-01-31T17:00:04Z,1411,"Hailee Steinfeld, BloodPop® - Capital Letters",pj6k-EFxqAI
UCiMhD4jzUqG-IgPzUmmytRQ,Queen Official,2008-08-01T12:29:43Z,2422,Queen - Fat Bottomed Girls (Official Video),VMnjF1O4eH0
UCLB3FLLV7CVFueVLEpkhXiQ,muzicchnl,2011-04-19T01:58:11Z,1331,Fleetwood Mac - Dreams [with lyrics],mrZRURcb1cM
UCaKZA66vM_TUpetUNohmR0A,Led Zeppelin,2008-04-20T22:17:15Z,1329,Led Zeppelin - Whole Lotta Love (Official Music Video),HQmmM_qwG4k
UCiMhD4jzUqG-IgPzUmmytRQ,Queen Official,2008-08-01T12:32:47Z,2423,"Queen - Killer Queen (Top Of The Pops, 1974)",2ZBtPf7FOoM
UCKH_sgLWLew1u_sJ7_4f_fQ,EllaEyreVEVO,2015-01-28T08:01:00Z,2820,Ella Eyre - We Don&#39;t Have To Take Our Clothes Off,8iwmdq_clSQ
UCU-0c1hN3jzWTdIetJCUULw,Warner Music Sweden,2012-02-25T19:30:00Z,545,Loreen - Euphoria (Official Audio),t5qURKt4maw
UCaKZA66vM_TUpetUNohmR0A,Led Zeppelin,2020-07-31T13:59:50Z,2631,Led Zeppelin - Ramble On (Official Audio),LzGBQerkvWs
UCbulh9WdLtEXiooRcYK7SWw,Metallica,2013-10-31T16:07:12Z,4118,Metallica - Seek &amp; Destroy (Live) [Quebec Magnetic],NJzoBmVPeYw
UC3Wwdr_qfVM1GyyZ0sel3Uw,Vice,2016-12-16T18:09:24Z,1610,Vice Ft. Jasmine Thompson &amp; Skizzy Mars - Steady 1234 (Bad Royale Remix),FGJCQppsIvs
UCiMhD4jzUqG-IgPzUmmytRQ,Queen Official,2008-08-01T11:40:18Z,644,Queen - Another One Bites the Dust (Official Video),rY0WxgSXdEE
UCNDaFXLGF7W6ADJ7eUwIhgg,Fox Family Entertainment,2019-04-26T13:00:17Z,4037,The Greatest Showman | &quot;From Now On&quot; Lyric Video | Fox Family Entertainment,XyIDxpUJ10Q
UCVttQE6tS_agDSAU61Q65aA,EnriqueIglesiasVEVO,2014-04-11T07:00:01Z,240,"Enrique Iglesias - Bailando ft. Descemer Bueno, Gente De Zona (Español)",NUsoVlDFqZg
UCnVk-L_8jZobtNNcPfNr0Lg,Disney0Musical,2009-08-05T09:05:33Z,1514,Phil Collins - You&#39;ll Be In My Heart with Lyrics,git6DCXSqjE
UCS1YGiJZUVUTMqYADYG9frw,GeorgeHarrisonVEVO,2016-11-29T11:00:00Z,4180,George Harrison - Got My Mind Set On You (Version I),6ZwjdGSqO0k
UCB_Z6rBg3WW3NL4-QimhC2A,The Rolling Stones,2012-10-02T14:49:30Z,1317,The Rolling Stones - Start Me Up - Official Promo,SGyOaCXr8Lw
UCNxaJaK7Ke43sBi19Hjj7mw,BobMarleyVEVO,2020-06-09T16:00:21Z,2205,"Bob Marley &amp; The Wailers - No Woman, No Cry (Live At The Rainbow 4th June 1977)",mZ6VezKMoRY
UCgwv23FVv3lqh567yagXfNg,DisneyMusicVEVO,2019-09-06T04:00:07Z,4031,"Zac Efron, Vanessa Hudgens - Gotta Go My Own Way (From &quot;High School Musical 2&quot;)",pAzFRfzwT-g
UCXGsRKRCBbvc2fKB7gfJ0Uw,IngrossoAlessoVEVO,2012-05-08T08:00:08Z,3003,"Sebastian Ingrosso, Alesso - Calling (Lose My Mind) ft. Ryan Tedder",9G1I16gJBvU
UC7X_qC_rgc3s04Aw1t5DSHg,georgemichaelVEVO,2010-11-06T03:00:19Z,2464,George Michael - Faith (Official Video),6Cs3Pvmmv0E
UCAb60rVrvVQVfSgrX1UWb0g,Fleetwood Mac,2018-09-27T14:00:19Z,3509,Fleetwood Mac - Little Lies (Official Music Video),uCGD9dT12C0
UCUHtgunZcEYMFaFe3F0c_Ww,BlackstreetVEVO,2009-10-09T03:19:45Z,3019,"Blackstreet - No Diggity (Official Music Video) ft. Dr. Dre, Queen Pen",3KL9mRus19o
UCz2SUbUr2k0T3nEmutgsPjg,Hear This Music,2017-11-03T04:00:11Z,1098,Sensualidad - Bad Bunny X Prince Royce X J Balvin X Dj Luian X Mambo Kingz,ovX1HloCgdA
UCebZzRIco_Yyxjwcz8Xwoug,FEDER,2015-02-27T11:38:12Z,3362,Feder - Goodbye feat. Lyse (Official Video),Mptdcx36qZU
UCvrq6mvHuVsxwjs2Dicg9rA,mrprobzVEVO,2014-02-03T08:00:01Z,148,Mr. Probz - Waves (Robin Schulz Remix Radio Edit),pUjE9H8QlA4
UCPHjpfnnGklkRBBTd0k6aHg,Avicii,2012-04-23T14:02:09Z,1901,- AVICII - || AVICII - SILHOUETTES (ORIGINAL MIX) VIDEO CUT ONE,Rw3KwUQfc5k
UC4JeRiQvPQ_nb1BZWjk9QoA,Phil Collins,2010-05-10T13:59:03Z,1760,Phil Collins - Another Day In Paradise (Official Music Video),Qt2mbGP6vFI
UCi2KNss4Yx73NG0JARSFe0A,Foo Fighters,2021-03-25T16:15:00Z,3269,"Foo Fighters | Everlong (Acoustic - March 20, 2021)",vLkBybsH73k
UCKTWUJqT3NSZ50I49ExjWZQ,Warner Música,2017-03-10T13:40:02Z,4069,Pitbull &amp; J Balvin - Hey Ma ft Camila Cabello (Spanish Version | The Fate of the Furious: The Album),UWLr2va3hu0
UC_411v5XTGmfSfWD9Cpk-Zw,Cloud 9 Music,2009-07-24T14:33:34Z,4330,Cascada - Evacuate The Dancefloor (Official Music Video),A68j28KQaik
UC7WtKoUUbElX4Om6eHtSSWQ,ABKCOVEVO,2015-07-09T07:00:01Z,1316,The Rolling Stones - (I Can&#39;t Get No) Satisfaction (Official Lyric Video),nrIPxlFzDi0
UCaKZA66vM_TUpetUNohmR0A,Led Zeppelin,2009-10-27T01:35:16Z,2629,Led Zeppelin - Black Dog (Live at Madison Square Garden 1973) (Official Video),6tlSx0jkuLM
UCt-XD20pvUTgkWONv8VYEMA,Michael Baker,2010-01-18T01:44:04Z,1330,ZZ Top - La Grange,Vppbdf-qtGU
UClz_JmQ8SX4apRzey6bDNbQ,SEllisBextorVEVO,2017-08-08T17:00:04Z,3798,Sophie Ellis-Bextor - Murder On The Dancefloor,hAx6mYeC6pY
UCk0YBqtXKF9p-nfyjVoW9Cg,ChuckBerryVEVO,2020-10-16T16:00:11Z,2472,Chuck Berry - Run Rudolph Run (Official Video),YiadNVhaGwk
UCvKbr7LAMi2Xqyensk7i5Ng,SimpleMindsVEVO,2010-12-03T20:32:09Z,2223,Simple Minds - Don&#39;t You (Forget About Me),CdqoNKCCt7A
UCocfdCiKujljqcGC-STMsCQ,Stone Temple Pilots,2009-10-27T01:04:55Z,2985,Stone Temple Pilots - Interstate Love Song (Official Music Video) [HD],yjJL9DGU7Gg
UCJgBdrZx-_VpfI9zYu6W0og,TheLyricsQueen,2017-02-10T11:06:32Z,3116,Nick Jonas &amp; Nicki Minaj - Bom Bidi Bom [Lyrics] (Fifty Shades Darker) HD,FVfuwkPL5hg
UCoXOrC2tqxpIMYnQvbdONtQ,BushVEVO,2012-06-25T23:53:57Z,3998,Bush - Glycerine,hOllF3TgAsM
UC4rasfm9J-X4jNl9SvXp8xA,Ultra Music,2016-04-26T18:51:09Z,1137,Deorro - Bailar feat. Elvis Crespo (Official Video),9cBtJYI6itg
UCFb_9tIgnxz1OPhxzipGIbA,JamesBayVEVO,2014-06-19T07:00:02Z,2134,James Bay - If You Ever Want To Be In Love (Acoustic),jCNKLS9dC_A
UCEkVNhwkmnQI7BrIN6jbnOQ,Marek Piotrowicz,2012-03-24T06:40:18Z,3594,"EAGLES-ONE OF THESE NIGHTS(Live from Melbourne,Australia)",XYd8Z3AGxpc
UC98saSu1w3i9w-PG8Tsfi3Q,JoJo,2019-06-05T13:08:18Z,1619,JoJo - Too Little Too Late (2018) [Official Audio],5zjHakuY6IU
UC8YgWcDKi1rLbQ1OtrOHeDw,David Bowie,2018-06-13T11:00:08Z,1425,David Bowie - Heroes (Official Video),lXgkuM2NhYI
UCnCEKlzi52Yzj2JdBFhKVEA,DEANTRBL,2018-01-29T15:00:07Z,2415,DEAN - instagram,wKyMIrBClYw
UCK5Fkjk6iA8GKW-FnMspI_w,VigilandVEVO,2014-12-11T09:00:03Z,1475,Vigiland - UFO,rzP26bHpTdw
UCulYu1HEIa7f70L2lYZWHOw,michaeljacksonVEVO,2010-11-19T11:39:43Z,2186,Michael Jackson - Smooth Criminal (Official Video),h_D3VFfhvs4
UCALvGYb5h_MZCzW_vG8d8eQ,Steve Aoki,2013-06-25T15:38:27Z,493,Pursuit of Happiness (Steve Aoki Remix) - Kid Cudi AUDIO,6HhzIn8I4ak
UCog2pXY2UhYOB446AXXMnIQ,YouMeandmyMusic,2009-01-17T02:50:32Z,3799,NEIL YOUNG - OLD MAN,An2a1_Do_fc
UC1l7wYrva1qCH-wgqcHaaRg,David Guetta,2016-06-10T18:27:50Z,309,David Guetta ft. Zara Larsson - This One&#39;s For You (Music Video) (UEFA EURO 2016™ Official Song),MoHnffhBwqs
UCtNFd4yNZvk3ZnnK96zU13g,MikePosnerVEVO,2010-05-26T22:35:59Z,1042,Mike Posner - Cooler Than Me (Official Music Video),mqWq_48LxWQ
UCjjC1Jk_1o1VWpLalgo21XQ,GEazyMusicVEVO,2018-05-17T04:00:10Z,1810,"G-Eazy - 1942 (Official Video) ft. Yo Gotti, YBN Nahmir",rDl3gAJpm_4
UC4dqLAF7yT-_DqeYisQ001w,TheBeatlesVEVO,2018-06-21T15:00:01Z,1337,The Beatles - Come Together,45cYwDMibGo
UCrTC0tOY5aujQFYDRf65xiw,Alanis Morissette,2007-05-17T01:53:51Z,3667,Alanis Morissette - You Oughta Know (Official 4K Music Video),NPcyTyilmYY
UCNk73lPOgAB_rRmUXDfp0Vw,Stevie Nicks,2019-03-26T14:59:50Z,2682,Stevie Nicks - Edge of Seventeen (Official Music Video),UmPgMc3R8zg
UC8YgWcDKi1rLbQ1OtrOHeDw,David Bowie,2015-07-09T16:53:32Z,1941,David Bowie – Life On Mars? (Official Video),AZKcl4-tcuo
UCulYu1HEIa7f70L2lYZWHOw,michaeljacksonVEVO,2009-10-03T04:41:55Z,2188,Michael Jackson - Rock With You (Official Video),5X-Mrc2l1d0
UCiMhD4jzUqG-IgPzUmmytRQ,Queen Official,2008-08-01T13:32:21Z,1883,Queen - Radio Ga Ga (Official Video),azdwsXLmrHE
UCTtuo-z4kMca1ncT0Op_i1g,20th Century Studios Thailand,2018-01-18T10:15:04Z,4034,The Greatest Showman - Never Enough Lyric Video,6jZVsr7q-tE
UCqwxMqUcL-XC3D9-fTP93Mg,LIL UZI VERT,2019-12-13T05:00:00Z,2960,Lil Uzi Vert - Futsal Shuffle 2020 [Official Audio],awtYiVGXiaY
UC3N5y6UWKJaKqoU2b_0MfTQ,LanaDelReyVEVO,2012-03-20T02:03:15Z,766,Lana Del Rey - Blue Jeans,JRWox-i6aAk
UCKHFvArwRwQU2VbRjMpaVGw,DaftPunkVEVO,2013-04-19T06:55:07Z,201,"Daft Punk - Get Lucky (Official Audio) ft. Pharrell Williams, Nile Rodgers",5NV6Rdv1a3I
UCY3nEcjQGzoZnw3WmoumHEg,pieandjoe1,2008-07-29T19:54:50Z,2196,Beach Boys - Wouldn&#39;t It Be Nice,nZBKFoeDKJo
UCpIgfjViQEA0nAorl3pmlWw,Music chart,2020-11-02T12:25:15Z,367,John Legend - All Of Me (Tiësto&#39;s remix,ii_t0AwYXXw
UCO6LS_5W7vqG9mALDNzSFug,Pink Floyd - Topic,2016-01-12T17:37:02Z,2677,Breathe (In The Air),Vddl9TK5RqU
UCmV2SO-wJJ6FLmkxe7by4pA,FFRR,2014-05-20T13:00:32Z,1010,Oliver Heldens x Becky Hill - Gecko (Overdrive) [Official Music Video],kcZMCMI24gs
UC0aSbnW7vj3uCQAO03qvJyg,Walter Katekaru,2009-04-05T20:55:55Z,2825,The Beach Boys - God only knows,AOMyS78o5YI
UCaKZA66vM_TUpetUNohmR0A,Led Zeppelin,2018-07-04T00:02:29Z,1327,Led Zeppelin - Stairway To Heaven (Official Audio),QkF3oxziUI4
UCLB3FLLV7CVFueVLEpkhXiQ,muzicchnl,2011-04-19T01:14:58Z,3512,Fleetwood Mac - Don&#39;t Stop [with lyrics],SybgWaQy7_c
UCflKJMyrnJNuD4eEvs9-5CA,SmashingPumpkinsVEVO,2011-08-03T02:04:35Z,3454,"The Smashing Pumpkins - Tonight, Tonight (Official Music Video)",NOG3eus4ZSo
UCahVGI5idD85mQlBD2InzzA,reikVEVO,2016-05-27T07:00:01Z,1248,Reik - Ya Me Enteré (Urban Version)[Cover Audio] ft. Nicky Jam,3XsZc-695so
UC3N5y6UWKJaKqoU2b_0MfTQ,LanaDelReyVEVO,2011-10-16T08:00:00Z,383,Lana Del Rey - Video Games,cE6wxDqdOV0
UCRW3GshL5ratIrIFeST6a-Q,payolo52,2008-04-25T16:15:22Z,4076,Chumbawamba - Tubthumping,KCkmIyC6v00
UCffDXn7ycAzwL2LDlbyWOTw,Canal KondZilla,2019-10-31T22:00:06Z,3155,Hit Contagiante - Felipe Original feat. Kevin O Chris e JS O Mão de Ouro  (kondzilla.com),h2mtWMc7QdU
UCYtWSZWHYPbmwsh2CEUyMrQ,Visionary Music Group,2017-05-12T16:08:39Z,94,Logic - 1-800-273-8255 ft. Alessia Cara &amp; Khalid (Official Audio),cycUHgg0zzU
UC4JeRiQvPQ_nb1BZWjk9QoA,Phil Collins,2018-06-18T16:21:01Z,1275,Phil Collins - You Can&#39;t Hurry Love (Official Music Video),C9IwBJYTwQ0
UCWGqNXQw31gop5mmpzLMBzg,CultureClubVEVO,2009-02-28T11:44:23Z,1607,Culture Club - Karma Chameleon (Official Music Video),JmcA9LIIXWw
UCYhoLFLdKWOuhOkTtmMSe7w,SamCookeVEVO,2015-10-16T07:00:00Z,3482,Sam Cooke - What A Wonderful World (Official Lyric Video),R4GLAKEjU4w
UCUDVBtnOQi4c7E8jebpjc9Q,Oasis,2008-02-29T12:40:17Z,3057,Oasis - Stand By Me (Official Video),N9kdHXrJYF8
UCk1OAveiSUJjtQ8w4B_ayrA,FiftyShadesVEVO,2018-01-26T14:00:02Z,1244,"Liam Payne, Rita Ora - For You (Fifty Shades Freed) (Official Music Video)",RQUuqbzQVsY
UCgc00bfF_PvO_2AvqJZHXFg,Boyce Avenue,2012-05-27T15:01:23Z,1395,Heaven - Bryan Adams (Boyce Avenue feat. Megan Nicole acoustic cover) on Spotify &amp; Apple,E0wW9RwpG7M
UC4NALVCmcmL5ntpV0thoH6w,LooLoo Kids - Nursery Rhymes and Children's Songs,2018-01-25T08:02:24Z,3640,Toddlers Songs  - Educational Songs for Children | LooLoo Kids,rz-vqMXZuOw
UCM4wouWx_QqS4eq0uOE1KhA,Retro Rock,2009-07-11T05:48:01Z,2141,Deep Purple - Smoke on the Water (Audio),zUwEIt9ez7M
UC2gMECGMn5TVbRN5S5tKb8Q,Christina Perri,2011-10-26T20:55:17Z,447,Christina Perri - A Thousand Years [Official Music Video],rtOvBOTyX00
UCrwl1dMtTL50h1iw_gEPFUQ,TheBlackbird012,2011-06-04T00:51:53Z,2676,Pink Floyd - &quot;Hey You&quot;,TFjmvfRvjTc
UCYU4eunPInnHTNWfGvOgkbg,johnlennon,2016-12-18T15:19:53Z,1338,"IMAGINE. (Ultimate Mix, 2020) - John Lennon &amp; The Plastic Ono Band (with the Flux Fiddlers) HD",YkgkThdzX-8
UCX-3R99NH4nKAubjlSiNhcw,PaulMcCartneyVEVO,2019-12-12T21:50:30Z,2510,Paul McCartney - Wonderful Christmastime,94Ye-3C1FC8
UCv9oYIsWoYnu02XnseHOTVQ,hallandoatesVEVO,2015-04-21T22:34:53Z,3683,Daryl Hall &amp; John Oates - Jingle Bell Rock (Daryl&#39;s Version - HD),5vyMuxxLsD0
UCb3tJ5NKw7mDxyaQ73mwbRg,Kontor.TV,2010-09-10T13:18:56Z,2957,Guru Josh Project - Infinity 2008 (Klaas Vocal Edit) (Official Video HD),dL3AiuTsbOU
UCiMhD4jzUqG-IgPzUmmytRQ,Queen Official,2008-08-01T12:58:20Z,2167,Queen - You&#39;re My Best Friend (Official Video),HaZpZQG2z10
UC2I7YtV_Z3lqqNPV-2Txzvw,Gregg Camacho,2012-12-01T02:00:11Z,1731,Band Aid 20   Do They Know It&#39;s Christmas,aOKTW6Zt_cU
UCVttQE6tS_agDSAU61Q65aA,EnriqueIglesiasVEVO,2014-08-04T10:00:04Z,503,Enrique Iglesias - Bailando ft. Mickael Carreira (Lyric Video),DkBMWBI6KQs
UC0C-w0YjGpqDXGB8IHb662A,Ed Sheeran,2019-06-28T07:00:05Z,4044,Ed Sheeran - Beautiful People (feat. Khalid) [Official Music Video],mj0XInqZMHY
UC4CnFBpo6Zk8D6bmeXB0MTg,ThePoliceVEVO,2010-02-23T15:28:57Z,1743,The Police - Message In A Bottle,MbXWrmQW-OE
UC2JQi5S-q3UB40zzKQWAwTg,Stark Productions,2018-04-17T09:56:59Z,4029,The Greatest Showman - The other side [1080P] Subtitled,GimrxP2U0ZE
UCmTJjRb2kvRWUX_1g66OqFg,isaac8399,2007-12-27T17:51:04Z,3511,Fleetwood Mac - Never Going Back Again,0E7rUemfC-A
UCycTYb9eH0T1gx8xGOsHrcw,MichaelKiwanukaVEVO,2017-03-23T16:00:05Z,3392,Michael Kiwanuka - Cold Little Heart (Official Video),nOubjLM9Cbc
UCHFPpw9jReIhssGTUNUZBoA,BoneyMVEVO,2015-05-29T16:27:32Z,4305,Boney M. - Rasputin (Sopot Festival 1979) (VOD),16y1AkoZkmQ
UCmc5ha-rlBNVB1VDeUVisLw,DIVISION,2018-08-17T12:24:59Z,3911,RIN - Dior 2001 (prod. Alexis Troy),VmEWlKLbBF4
UCaHNFIob5Ixv74f5on3lvIw,CalvinHarrisVEVO,2011-05-13T00:30:12Z,3793,Calvin Harris - Bounce ft. Kelis,ooZwmeUfuXg
UCH6ObyYq3YYvUP9VO8vy0qA,ThePANOS77,2011-04-05T12:08:28Z,2826,Beach Boys - Surfin Usa HD,2s4slliAtQU
UCYU4eunPInnHTNWfGvOgkbg,johnlennon,2010-08-24T15:50:43Z,1739,"HAPPY XMAS (WAR IS OVER). (Ultimate Mix, 2020) John &amp; Yoko Plastic Ono Band + Harlem Community Choir",yN4Uu0OlmTg
UCVHLRJcnRMVBIpdinBLuQwA,GenesisVEVO,2009-02-28T00:23:34Z,4077,Genesis - Invisible Touch (Official Music Video),epOBenUjIHw
UCSEQjmaQ-N3lcPzyvBcFWfg,Troydan,2021-12-10T07:49:51Z,3753,Kanye West &amp; Drake Concert LIVE REACTION !,jYPjXytXTDg
UCaisXKBdNOYqGr2qOXCLchQ,Iron Maiden,2015-08-07T13:36:55Z,1934,Iron Maiden - The Trooper (Official Video),X4bgXH3sJ2Q
UClx2ih2Nx8enGmsMsA6C3BQ,CAguileraVEVO,2009-12-25T01:16:46Z,1596,"Christina Aguilera, Lil&#39; Kim, Mya, Pink - Lady Marmalade (Official Music Video)",RQa7SvVCdZk
UCM-CWGUijAC-8idv6k6Fygw,Depeche Mode,2009-10-27T01:48:20Z,2143,Depeche Mode - Personal Jesus (Official Video),u1xrNaTO1bI
UCpDJl2EmP7Oh90Vylx0dZtA,Spinnin' Records,2015-01-19T20:00:03Z,470,Martin Solveig &amp; GTA - Intoxicated (Official Music Video),94Rq2TX0wj4
UC9Fx02lWAslFIblOD3ARLHw,gnrfan010,2007-03-28T22:51:42Z,2627,Metallica - Fade to Black,WEQnzs8wl6E
UCulYu1HEIa7f70L2lYZWHOw,michaeljacksonVEVO,2009-10-03T04:48:18Z,2189,Michael Jackson - The Way You Make Me Feel (Official Video),HzZ_urpj4As
UCK0TuNeYqg9oYGSksX-jNkg,Chicago Band,2018-01-24T06:19:52Z,3743,Chicago - Hard To Say I&#39;m Sorry/Get Away (Official Audio),EORSLz0_BRU
UCZjBqZjGsmI5OAVsLSroaWQ,DEF LEPPARD,2012-08-27T17:03:37Z,1349,DEF LEPPARD - &quot;Pour Some Sugar On Me&quot; (Official Music Video),0UIB9Y4OFPs
UCUsFuFDPvBU1vm7kUQF1A0Q,sheepenthusiast,2009-06-15T23:32:46Z,1861,I&#39;m a Believer - The Monkees,wB9YIsKIEbA
UCn_2xFz9HCOnyj-JlGLpuAA,The Reflex,2013-10-13T18:13:30Z,1322,Queen - I Want To Break Free [The Reflex Revision],E1vXNrN6BbU
UCBL7ZxVX4GvW4CFiES_-0YA,Anne-Marie,2018-05-08T11:05:08Z,1421,Anne-Marie - 2002 [Official Video],Il-an3K9pjg
UCYavwmq55RZkbse3BCTKjlg,TheRollingStonesVEVO,2015-03-31T12:30:00Z,3227,The Rolling Stones - Wild Horses (Acoustic / Lyric Video),SQTHB4jM-KQ
UC1SqP7_RfOC9Jf9L_GRHANg,AviciiOfficialVEVO,2011-11-29T20:00:00Z,336,Avicii - Levels,_ovdm2yX4MA
UC9KhB07HSEtWISy_LFWwHzw,johnmayerVEVO,2009-10-03T04:48:31Z,393,John Mayer - Free Fallin&#39; (Live at the Nokia Theatre),20Ov0cDPZy8
UC-iRvUdKvyeqsTUr5FTP_Zw,Dan,2007-11-07T03:16:07Z,3477,Frank Sinatra - Come Fly With Me,HmQq6yLe2ww
UCpb_iJuhFe8V6rQdbNqfAlQ,NickyJamTV,2018-06-08T11:58:38Z,2477,Live It Up (Official Video) - Nicky Jam feat. Will Smith &amp; Era Istrefi (2018 FIFA World Cup Russia),V15BYnSr0P8
UCx8v-goujcpBVF7QKALgp3g,Dan And Shay,2019-10-04T17:00:11Z,2440,"Dan + Shay, Justin Bieber - 10,000 Hours (Official Music Video)",Y2E71oe0aSM
UCeolp9K02BfB6Ef_oGuN5eA,TheCardigansVEVO,2015-11-24T21:00:01Z,1262,The Cardigans - Lovefool (Official Music Video),NI6aOFI7hms
UCXrX-JOygVDoQgAn-tKo_cQ,Stephen McElvain,2012-07-27T01:01:19Z,2197,The Beach Boys - Good Vibrations,Eab_beh07HU
UCuk8mteheh3tSFQJB8UHBwQ,Tim O' Flea,2016-03-08T12:46:04Z,2622,Van Morrison Into The Mystic,_6r2P4W9Yog
UCtHY_7BXK9Bn3Dp3cjBgCLA,SHMVEVO,2012-09-14T13:00:34Z,206,Swedish House Mafia ft. John Martin - Don&#39;t You Worry Child (Official Video),1y6smkh6c-0
UCpPwodiYc4ceaqEBB54trHQ,HollywoodRecordsVEVO,2007-05-12T08:17:02Z,2979,Breaking Benjamin - The Diary of Jane (Official Video),DWaB4PXCwFU
UCpDJl2EmP7Oh90Vylx0dZtA,Spinnin' Records,2015-03-18T20:00:01Z,928,Tiësto &amp; KSHMR feat. Vassy - Secrets (Official Music Video),Dr1nN__-2Po
UCpFmIAaUYzqO-azlY7oQcdA,Lucyana DaLegend,2015-06-08T17:35:29Z,2104,Travis Scott Ft. Future &amp; 2 Chainz - 3500 (For The Coat )(CDQ),MVxMmMuTk60
UCqM2ubJaFe3tdi7wi249WHg,TheLoveFamily,2019-12-28T02:19:44Z,4032,A Million Dreams | The Greatest Showman (with lyrics),RkozLmiLBc0
UCfOTTeREY6_1LSW5M0bdG7g,VHTelevision,2010-08-12T22:24:07Z,3875,Van Halen - Panama (Official Music Video),fuKDBPw8wQA
UC2pmfLm7iq6Ov1UwYrWYkZA,Vevo,2013-05-31T11:00:48Z,2094,"Sebastian Ingrosso, Tommy Trash, John Martin - Reload  (Official Video)",GuAtcpFQpMw
UCq7ru3Wv4FPP7Dw6ID9OqKQ,Sam Scott,2009-08-05T18:37:55Z,4110,Pearl Jam - Daughter (lyrics),RiqgTPmkfek
UCY2qt3dw2TQJxvBrDiYGHdQ,Pink Floyd,2014-06-25T15:14:35Z,1345,Pink Floyd - Money (Official Music Video),-0kcet4aPpQ
UC7spdtNtUXp1xVdUS1M2Mxg,Icona Pop,2012-05-06T09:36:05Z,252,Icona Pop - I Love It (feat. Charli XCX) [OFFICIAL VIDEO],UxxajLWwzqY
UCd3ucTRSzlJYkANVcg73Dcw,King Princess,2018-02-23T05:00:28Z,1458,King Princess - 1950,LNxWTS25Tbk
UCelKyXB1_07HEzucn7S5XRQ,Tomba1997,2010-08-03T07:17:10Z,2678,Ramones-Blitzkrieg Bop,iymtpePP8I8
UC8YgWcDKi1rLbQ1OtrOHeDw,David Bowie,2018-06-14T11:00:03Z,2391,David Bowie - Let&#39;s Dance (Official Video),VbD_kBJc_gI
UC4dqLAF7yT-_DqeYisQ001w,TheBeatlesVEVO,2017-12-15T16:18:57Z,2148,"Yesterday (With Spoken Word Intro / Live From Studio 50, New York City / 1965)",wXTJBr9tt8Q
UC4JeRiQvPQ_nb1BZWjk9QoA,Phil Collins,2010-05-11T10:00:41Z,1276,Phil Collins - In The Air Tonight (Official Music Video),YkADj0TPrJA
UCVEQWNjqi2vnxrfvpH58neg,DisclosureVEVO,2015-07-27T08:00:00Z,517,Disclosure - Omen ft. Sam Smith,fB63ztKnGvo
UCANLVePOkAyOi-2z5JgfNyQ,Pitch Perfect,2015-09-06T03:30:05Z,1827,24. Flashlight (Sweet Life Remix) - Hailee Steinfeld | Pitch Perfect 2,9XxzXR1ArbY
UC4mdA_jwebuqkhNH0I_c2lg,Sam Iverson,2018-04-21T00:19:01Z,2944,J. Cole - 1985 (Lyrics),X-Oa60g7TyI
UCJbHWU5QmrvI_CnyFHP90EQ,wankelmutVEVO,2012-06-22T16:00:59Z,400,Asaf Avidan &amp; The Mojos - One Day / Reckoning Song (Wankelmut Remix)t,KRAMNWzfjcg
UCaHNFIob5Ixv74f5on3lvIw,CalvinHarrisVEVO,2011-07-14T07:00:00Z,360,Calvin Harris - Feel So Close (Official Video),dGghkjpNCQ8
UCaKZA66vM_TUpetUNohmR0A,Led Zeppelin,2009-10-27T01:32:09Z,1328,Led Zeppelin - Immigrant Song (Live 1972) (Official Video),RlNhD0oS5pk
UCeWkruiHm7NL7OvjPyVshkw,Village People,2008-09-22T12:01:32Z,3361,Village People - YMCA OFFICIAL Music Video 1978,CS9OO0S5w2k
UC8g5qT5xB4AJxSw9pzsPPgA,jrrr90,2010-02-01T22:17:58Z,2841,New Order - Blue Monday,FYH8DsU2WCk
UC07Kxew-cMIaykMOkzqHtBQ,LadyGagaVEVO,2018-10-26T03:44:56Z,2066,I&#39;ll Never Love Again (from A Star Is Born) (Official Music Video),52nfjRzIaj8
UC2t5bjwHdUX4vM2g8TRDq5g,League of Legends,2019-10-08T19:45:02Z,2217,Phoenix (ft. Cailin Russo and Chrissy Costanza) | Worlds 2019 - League of Legends,i1IKnWDecwA
UCV8RY3PU6UJsx4cpxLjN3kQ,book of BEE,2014-03-31T02:31:02Z,2226,HUGO - 99 Problems -,swnudbCnccs
