qN5zw04WxCc	15,397,952
TGtWWb9emYI	805,379,020
7IZ-jATBq9A	11,997,553
xuZA6qiJVfU	124,391,083
UAKCR7kQMTQ	48,110,144
Fmfi3UbDPnQ	6,711,587
O4irXQhgMqg	369,735,063
jGflUbPQfW8	1,141,812,957
Vh5j7zDpy-4	26,053,312
tt2k8PGm-TI	1,768,729,027
7Xue-dOOLiY	12,566,089
p5rQHoaQpTw	34,451,654
t1TcDHrkQYg	367,162,005
b6vSf0cA9qY	204,582,956
fiore9Z5iUg	669,368,151
3x2ABSAMVno	546,997,006
KQetemT1sWc	78,597,463
6ul-cZyuYq4	139,195,833
sWcPBQ2qe6E	1,009,743
TA9Rec1qAFQ	2,163,522
t4H_Zoh7G5A	1,837,188,037
kjAuUXdSFaM	7,545,083
bek1y2uiQGA	327,872,349
PD-MdiUm1_Y	107,365,039
ZqoXU583vsY	7,541,127
0NKUpo_xKyQ	185,818,549
SwYN7mTi6HM	145,731,465
r3Pr1_v7hsw	140,013,325
WxnN05vOuSM	54,298,294
oC-GflRB0y4	983,327,008
4fxPQUKfim4	30,267,939
A_MjCqQoLLA	297,736,935
Zx1_6F-nCaw	29,836,458
6hzrDeceEKc	389,424,299
qjHlgrGsLWQ	133,822,796
LHcP4MWABGY	88,536,411
qeMFqkcPYcg	637,510,079
FSnAllHtG70	64,211,474
1Wl1B7DPegc	18,279,753
ejorQVy3m8E	185,401,500
7wRHBLwpASw	49,118,127
4tcXblWojdM	5,293,078
RDxfjUEBT9I	9,158,930
Jne9t8sHpUc	185,348,548
OMOGaugKpzs	905,700,900
PkQ5rEJaTmk	107,065,858
ARt9HV9T0w8	122,649,885
9VAFU492-Dk	1,821,734
iYYRH4apXDo	89,804,457
ZrX1XKtShSI	142,094,673
ZTEHNRGqcxA	41,872,702
kLg9rX5MCCA	17,023,393
glEiPXAYE-U	80,445,706
3T1c7GkzRQQ	120,062,532
q2ceMncib5g	49,656
JwYX52BP2Sk	40,990,326
CRfy1yorkec	23,867,561
mwgZalAFNhM	16,801,575
N-aK6JnyFmk	294,652,599
4aeETEoNfOg	160,938,901
UDfAdHBtK_Q	10,643,112
qw2TD91Nytg	6,755,812
VNsd8Yo5zvc	38,807,965
H_4OqY7GMNE	234,514
Bl4dEAtxo0M	17,981,395
oJL-lCzEXgI	14,241,642
cs4RG9u8IVU	15,682,158
fJ9rUzIMcZQ	1,430,039,688
IcrbM1l_BoI	2,118,643,932
SSbBvKaM6sk	141,981,863
T3E9Wjbq44E	600,199,105
_PrSxoMJPL8	2,819,097
v3xwCkhmies	171,062,047
1LMSOfs10mA	562,858
k-sfFFnfO8g	11,904,571
tcYodQoapMg	390,951,957
C1AHec7sfZ8	36,761,824
oTPgAmj3sSs	327,465
JDG2m5hN1vo	93,170,767
x34icYC8zA0	51,976,930
0CFuCYNx-1g	151,874,534
l5aZJBLAu1E	69,568,800
KO3l6qNA2Q4	25,767,156
HSry5-qfVFs	29,309,491
jenWdylTtzs	77,956,949
0hjqGN-9anA	48,802,135
fUis9yny_lI	340,692,907
s36eQwgPNSE	32,252,340
DDt3u2Ev1cI	38,732,396
a01QQZyl-_I	200,232,486
ks_qOI0lzho	57,206,307
ZhfWiU8wGCc	95,508,109
86URGgqONvA	42,760,765
b-VAxGJdJeQ	48,362,020
_JZom_gVfuw	428,726,947
wuvtoyVi7vY	53,287,371
VjHMDlAPMUw	361,627,054
ByfFurjQDb0	411,926,530
2Q_ZzBGPdqE	99,699,127
aJOTlE1K90k	3,191,400,072
ea3NPjCXPeg	156,279,246
HgzGwKwLmgM	731,465,408
4z2DtNW79sQ	151,940,986
L0MK7qz13bU	2,677,291,297
_zBwRDEFMRY	25,858,931
-tJYN-eG1zk	504,358,346
CHk5SWVO4p8	40,199,605
UCxgbOBVSfM	11,181,843
KOwjKQlhJKE	1,401,817
6PDMtqejNfs	10,944,542
U16Xg_rQZkA	55,497,889
kijpcUv-b8M	400,703,842
gyKu5fDHJZU	82,173
mrWUlc46dQ0	33,645
VYOjWnS4cMY	808,846,426
Eh44QPT1mPE	98,106,361
rmuudxyM0t4	19,610,709
oGpFcHTxjZs	146,407,992
fTASJroi1Gc	1,730,770
BN1WwnEDWAM	101,933,489
NKMtZm2YuBE	50,928,406
YF1R0hc5Q2I	34,338,902
pRpeEdMmmQ0	3,002,311,073
KD5fLb-WgBU	271,863,442
IbW5K2F1N28	6,420,851
jp-CVYGEsjg	80,346,550
8-r-V0uK4u0	63,342,006
b8I-7Wk_Vbc	475,483,358
_FrOQC-zEog	259,345,430
DDOL7iY8kfo	35,304,397
tRcPA7Fzebw	70,717,616
LTrk4X9ACtw	27,821,047
GXjn_z4UrxI	198,627
KXw8CRapg7k	94,376,429
EM4vblG6BVQ	52,349,864
PKB4cioGs98	270,196,167
OGRN-E8rJXo	9,841
34ZmKbe5oG4	3,792,853
IXdNnw99-Ic	226,108,526
ujNeHIo7oTE	80,398,519
HKtsdZs9LJo	56,302,863
VMnjF1O4eH0	102,698,899
mrZRURcb1cM	175,709,078
HQmmM_qwG4k	156,497,307
2ZBtPf7FOoM	228,729,433
8iwmdq_clSQ	51,001,822
t5qURKt4maw	95,438,707
LzGBQerkvWs	4,844,710
NJzoBmVPeYw	56,552,335
FGJCQppsIvs	189,349
rY0WxgSXdEE	518,276,189
NUsoVlDFqZg	3,134,316,889
_71w4UA2Oxo	37,396,193
SGyOaCXr8Lw	50,270,045
mZ6VezKMoRY	20,235,310
9G1I16gJBvU	28,523,162
6Cs3Pvmmv0E	34,749,545
uCGD9dT12C0	32,778,056
Mptdcx36qZU	99,514,075
pUjE9H8QlA4	492,161,334
Rw3KwUQfc5k	11,107,406
Qt2mbGP6vFI	405,664,731
vLkBybsH73k	6,120,040
A68j28KQaik	63,781,956
nrIPxlFzDi0	123,462,299
6tlSx0jkuLM	38,418,413
Vppbdf-qtGU	160,291,435
YiadNVhaGwk	2,139,739
CdqoNKCCt7A	213,559,652
yjJL9DGU7Gg	50,145,227
hOllF3TgAsM	57,849,069
9cBtJYI6itg	104,068,775
jCNKLS9dC_A	13,803,211
XYd8Z3AGxpc	58,712
5zjHakuY6IU	2,443,749
lXgkuM2NhYI	22,062,688
rzP26bHpTdw	19,927,428
h_D3VFfhvs4	637,116,172
An2a1_Do_fc	76,766,900
MoHnffhBwqs	291,527,267
mqWq_48LxWQ	98,487,503
rDl3gAJpm_4	59,361,858
45cYwDMibGo	91,714,168
NPcyTyilmYY	62,418,776
UmPgMc3R8zg	34,909,743
AZKcl4-tcuo	34,195,060
5X-Mrc2l1d0	262,343,844
azdwsXLmrHE	261,607,922
nwE_BsjBSUw	39,399,653
JRWox-i6aAk	310,424,897
5NV6Rdv1a3I	605,157,593
nZBKFoeDKJo	50,495,726
ii_t0AwYXXw	22,057
Vddl9TK5RqU	16,020,708
kcZMCMI24gs	32,511,708
AOMyS78o5YI	10,298,838
QkF3oxziUI4	72,465,758
SybgWaQy7_c	3,092,272
NOG3eus4ZSo	70,967,743
3XsZc-695so	3,404,920
cE6wxDqdOV0	280,056,453
cycUHgg0zzU	163,856,051
C9IwBJYTwQ0	6,021,814
JmcA9LIIXWw	585,782,017
R4GLAKEjU4w	18,525,685
N9kdHXrJYF8	37,949,358
zUwEIt9ez7M	111,196,502
TFjmvfRvjTc	87,951,465
YkgkThdzX-8	237,149,924
94Ye-3C1FC8	8,734,110
5vyMuxxLsD0	4,913,710
dL3AiuTsbOU	26,303,044
HaZpZQG2z10	59,793,608
aOKTW6Zt_cU	471,732
DkBMWBI6KQs	8,526,602
MbXWrmQW-OE	87,061,092
0E7rUemfC-A	2,933,048
nOubjLM9Cbc	145,127,484
16y1AkoZkmQ	249,049,018
VmEWlKLbBF4	40,330,248
ooZwmeUfuXg	52,652,428
EDb303T-B1w	7,811,377
yN4Uu0OlmTg	20,946,814
epOBenUjIHw	18,810,287
THVbtGqEO1o	35,929,795
X4bgXH3sJ2Q	54,185,746
u1xrNaTO1bI	145,127,354
94Rq2TX0wj4	170,838,246
WEQnzs8wl6E	132,874,141
HzZ_urpj4As	403,019,320
EORSLz0_BRU	20,149,733
0UIB9Y4OFPs	76,842,874
wB9YIsKIEbA	27,639,107
E1vXNrN6BbU	3,529,372
TP1xs1hF2ZE	115,869,296
SQTHB4jM-KQ	21,661,877
_ovdm2yX4MA	567,596,636
20Ov0cDPZy8	113,142,583
HmQq6yLe2ww	29,610,144
V15BYnSr0P8	228,710,775
Y2E71oe0aSM	222,509,003
NI6aOFI7hms	61,944,353
Eab_beh07HU	30,251,264
_6r2P4W9Yog	10,760,755
1y6smkh6c-0	804,311,904
DWaB4PXCwFU	195,113,208
Dr1nN__-2Po	250,304,719
MVxMmMuTk60	16,346,230
fuKDBPw8wQA	32,031,187
GuAtcpFQpMw	80,854,269
zgUwd2Gkb-E	4,976,001
-0kcet4aPpQ	24,786,501
LNxWTS25Tbk	18,973,849
iymtpePP8I8	23,315,059
VbD_kBJc_gI	24,709,578
wXTJBr9tt8Q	47,028,201
YkADj0TPrJA	235,951,875
fB63ztKnGvo	197,707,930
X-Oa60g7TyI	3,005,683
KRAMNWzfjcg	204,857,637
dGghkjpNCQ8	277,024,054
RlNhD0oS5pk	95,084,704
CS9OO0S5w2k	254,706,050
FYH8DsU2WCk	165,266,643
52nfjRzIaj8	385,950,471
i1IKnWDecwA	111,883,285
