qN5zw04WxCc	15,395,300
TGtWWb9emYI	805,327,983
xuZA6qiJVfU	124,341,415
UAKCR7kQMTQ	48,093,857
xYm8Szmbx0o	30,037
O4irXQhgMqg	369,659,010
jGflUbPQfW8	1,141,724,027
Vh5j7zDpy-4	26,049,955
tt2k8PGm-TI	1,768,458,181
7Xue-dOOLiY	12,558,108
p5rQHoaQpTw	34,447,987
4EQrbyUHof8	13,506
b6vSf0cA9qY	204,575,603
fiore9Z5iUg	669,268,843
3x2ABSAMVno	546,962,816
KQetemT1sWc	78,545,891
oiosqtFLBBA	3,754,894
A04_0BaV3G4	3,630,664
TA9Rec1qAFQ	2,161,336
t4H_Zoh7G5A	1,836,941,060
kjAuUXdSFaM	7,531,379
bek1y2uiQGA	327,866,404
3W6mDUmPZ0Y	5,052,615
ZqoXU583vsY	7,539,499
0NKUpo_xKyQ	185,806,537
e-uhnCCsSiQ	26,253
r3Pr1_v7hsw	139,908,263
eHf6cCJjbfA	3,257
oC-GflRB0y4	983,250,196
4fxPQUKfim4	30,265,477
A_MjCqQoLLA	297,657,121
Zx1_6F-nCaw	29,832,408
6hzrDeceEKc	389,317,229
qjHlgrGsLWQ	133,817,657
LHcP4MWABGY	88,525,110
qeMFqkcPYcg	637,344,377
FSnAllHtG70	64,207,515
1Wl1B7DPegc	18,278,135
ejorQVy3m8E	185,371,305
aX0C4QjRR_0	72,721
KHBiP2dUIQk	202
RDxfjUEBT9I	9,157,953
Jne9t8sHpUc	185,314,498
OMOGaugKpzs	905,561,882
PkQ5rEJaTmk	107,061,597
ARt9HV9T0w8	122,632,378
9VAFU492-Dk	1,776,981
iYYRH4apXDo	89,778,065
ZrX1XKtShSI	142,037,167
ZTEHNRGqcxA	41,864,753
kLg9rX5MCCA	17,005,769
glEiPXAYE-U	80,436,663
3T1c7GkzRQQ	120,041,495
q2ceMncib5g	49,556
JwYX52BP2Sk	40,983,221
YGoOKYZWImE	52,641
mwgZalAFNhM	16,783,239
N-aK6JnyFmk	294,637,555
4aeETEoNfOg	160,902,030
UDfAdHBtK_Q	10,636,152
qw2TD91Nytg	6,741,352
VNsd8Yo5zvc	38,767,070
H_4OqY7GMNE	232,130
aS5lFaTm-ZY	128,076
oJL-lCzEXgI	14,233,395
cs4RG9u8IVU	15,668,824
fJ9rUzIMcZQ	1,429,764,868
IcrbM1l_BoI	2,118,545,296
fVPIVD8A8CI	63,922
T3E9Wjbq44E	600,122,309
_PrSxoMJPL8	2,817,130
v3xwCkhmies	171,012,322
eOXDt1XvHgY	9,458,531
k-sfFFnfO8g	11,904,105
tcYodQoapMg	390,783,858
C1AHec7sfZ8	36,759,648
oTPgAmj3sSs	327,457
kBYHwH1Vb-c	19,998,538
KH0lPXUuYcI	50,950
0CFuCYNx-1g	151,862,651
l5aZJBLAu1E	69,558,955
HNybmS3xNAQ	27,624,297
HSry5-qfVFs	29,306,240
jenWdylTtzs	77,934,284
0hjqGN-9anA	48,795,759
fUis9yny_lI	340,624,541
s36eQwgPNSE	32,241,151
kcQ1eoCxaXI	28,417
a01QQZyl-_I	200,212,544
ks_qOI0lzho	57,197,531
ZhfWiU8wGCc	95,473,268
86URGgqONvA	42,749,571
b-VAxGJdJeQ	48,350,220
_JZom_gVfuw	428,636,127
LYlJbc4brTk	11,901
VjHMDlAPMUw	361,588,289
ByfFurjQDb0	411,806,732
2Q_ZzBGPdqE	99,659,076
aJOTlE1K90k	3,191,031,381
ea3NPjCXPeg	156,263,692
HgzGwKwLmgM	731,341,227
4z2DtNW79sQ	151,920,103
L0MK7qz13bU	2,676,809,009
_zBwRDEFMRY	25,849,003
-tJYN-eG1zk	504,289,415
CHk5SWVO4p8	40,195,949
JJA_eRBYXpc	42,492
KOwjKQlhJKE	1,400,671
HPNWNPR8VMY	6,425
U9l23zncj08	936,209
kijpcUv-b8M	400,641,672
gyKu5fDHJZU	82,079
icOPqAKfDt4	14,038
VYOjWnS4cMY	808,768,942
KF_NSNLLH7s	17,921
rmuudxyM0t4	19,609,980
oGpFcHTxjZs	146,347,297
oM60hSMqIkI	19,460,714
BN1WwnEDWAM	101,908,564
NKMtZm2YuBE	50,907,992
YF1R0hc5Q2I	34,320,248
pRpeEdMmmQ0	3,001,967,588
KD5fLb-WgBU	271,856,813
jp-CVYGEsjg	80,336,317
8-r-V0uK4u0	63,329,902
b8I-7Wk_Vbc	475,420,852
_FrOQC-zEog	259,327,918
DDOL7iY8kfo	35,298,001
8q4Qu1Fh5WU	15,680
Nf0kOEWDBKc	9,555
GXjn_z4UrxI	198,552
KXw8CRapg7k	94,350,487
EM4vblG6BVQ	52,344,160
PKB4cioGs98	270,186,432
namFjcOgHSE	27,966,771
34ZmKbe5oG4	3,792,101
yvtDnXotr-s	161,656
ujNeHIo7oTE	80,345,913
HKtsdZs9LJo	56,296,247
VMnjF1O4eH0	102,683,627
1J66GRNOtUI	2,469
yQbraHdhvtk	8,312
2ZBtPf7FOoM	228,680,779
8iwmdq_clSQ	50,996,295
t5qURKt4maw	95,426,642
R2KowYBLSBs	39,465
NJzoBmVPeYw	56,543,994
FGJCQppsIvs	189,339
rY0WxgSXdEE	518,200,919
NUsoVlDFqZg	3,134,098,829
_71w4UA2Oxo	37,375,073
SGyOaCXr8Lw	50,257,330
mZ6VezKMoRY	20,217,294
9G1I16gJBvU	28,521,815
6Cs3Pvmmv0E	34,737,952
uCGD9dT12C0	32,759,910
Mptdcx36qZU	99,493,184
pUjE9H8QlA4	492,101,281
Rw3KwUQfc5k	11,107,301
5QCCkueE0cs	2,928,996
vLkBybsH73k	6,112,909
A68j28KQaik	63,777,115
nrIPxlFzDi0	123,435,753
Gg9cNGHl-bg	30,536,026
YiadNVhaGwk	2,122,161
CdqoNKCCt7A	213,508,813
yjJL9DGU7Gg	50,134,455
hOllF3TgAsM	57,836,047
9cBtJYI6itg	104,060,649
jCNKLS9dC_A	13,802,909
cCqwCRqxJ2U	14,711
5zjHakuY6IU	2,443,445
lXgkuM2NhYI	22,053,459
rzP26bHpTdw	19,926,506
h6Lbo-4OsZk	1,182,337
353pzGcldZ8	12,444
MoHnffhBwqs	291,509,779
mqWq_48LxWQ	98,475,490
rDl3gAJpm_4	59,359,956
45cYwDMibGo	91,683,506
NPcyTyilmYY	62,405,875
VsNtkuJEgRQ	4,250,161
E7taBfKJjUw	7,880
5X-Mrc2l1d0	262,289,040
azdwsXLmrHE	261,561,633
awtYiVGXiaY	31,416,271
JRWox-i6aAk	310,385,328
5NV6Rdv1a3I	605,042,583
nZBKFoeDKJo	50,490,747
ii_t0AwYXXw	21,962
Vddl9TK5RqU	16,013,408
kcZMCMI24gs	32,510,684
AOMyS78o5YI	10,296,666
QV9JJmSCiI8	3,572,139
NOG3eus4ZSo	70,957,744
3XsZc-695so	3,404,819
cE6wxDqdOV0	280,015,951
cycUHgg0zzU	163,838,155
oXSn_N2jmBs	130,331
JmcA9LIIXWw	585,687,463
R4GLAKEjU4w	18,521,910
N9kdHXrJYF8	37,942,323
zUwEIt9ez7M	111,184,474
TFjmvfRvjTc	87,947,656
YkgkThdzX-8	237,092,197
94Ye-3C1FC8	8,685,916
5vyMuxxLsD0	4,900,319
dL3AiuTsbOU	26,298,562
HaZpZQG2z10	59,773,719
aOKTW6Zt_cU	470,664
DkBMWBI6KQs	8,526,376
MbXWrmQW-OE	87,039,728
MC170mxK9nM	298
nOubjLM9Cbc	145,077,221
16y1AkoZkmQ	248,816,691
VmEWlKLbBF4	40,324,949
ooZwmeUfuXg	52,651,185
EDb303T-B1w	7,809,601
yN4Uu0OlmTg	20,945,469
epOBenUjIHw	18,807,893
THVbtGqEO1o	35,841,720
GNh35QKTc_k	79,868
u1xrNaTO1bI	145,102,944
94Rq2TX0wj4	170,826,916
WEQnzs8wl6E	132,871,453
3Ni6mBcK_48	329,584
NOGJihRn7Xo	633
0UIB9Y4OFPs	76,815,858
h3kJ1Hj9how	10,994
E1vXNrN6BbU	3,528,979
c1MJXTd2AiE	123,676
SQTHB4jM-KQ	21,657,651
_ovdm2yX4MA	567,542,788
20Ov0cDPZy8	113,127,952
HmQq6yLe2ww	29,609,133
V15BYnSr0P8	228,689,508
Y2E71oe0aSM	222,470,668
NI6aOFI7hms	61,924,468
Eab_beh07HU	30,246,098
PP3ISnjwi7k	28,583
1y6smkh6c-0	804,211,551
DWaB4PXCwFU	195,088,483
Dr1nN__-2Po	250,278,119
MVxMmMuTk60	16,345,692
vFwzG3ErLuc	107,630
GuAtcpFQpMw	80,850,794
zgUwd2Gkb-E	4,974,603
-0kcet4aPpQ	24,782,128
LNxWTS25Tbk	18,970,908
iymtpePP8I8	23,310,538
VbD_kBJc_gI	24,694,255
wXTJBr9tt8Q	47,007,867
YkADj0TPrJA	235,923,072
fB63ztKnGvo	197,692,572
X-Oa60g7TyI	3,005,307
KRAMNWzfjcg	204,853,265
dGghkjpNCQ8	276,983,390
CS9OO0S5w2k	254,667,040
ShjjS8Kev4U	20,648
52nfjRzIaj8	385,858,313
i1IKnWDecwA	111,852,725
